OrderID,OrderDate,ProductName,Category,Region,Quantity,UnitPrice,CostPrice,Revenue,Profit,CustomerID
ORD0001,13/12/2025,Wireless Mouse,Electronics,Birmingham,2,30.09,21.69,60.18,16.8,CUST280
ORD0002,16/09/2025,Headphones,Electronics,Glasgow,1,12.68,7.17,12.68,5.51,CUST14
ORD0003,04/01/2025,Puzzle,Toys,Bristol,4,29.84,20.2,119.36,38.56,CUST82
ORD0004,22/02/2025,Tennis Racket,Sports,Birmingham,2,29.38,21.42,58.76,15.92,CUST48
ORD0005,24/08/2025,Yoga Mat,Sports,Birmingham,3,64.34,47.75,193.02,49.77,CUST275
ORD0006,05/07/2025,Laptop Stand,Electronics,London,5,36.39,25.06,181.95,56.65,CUST296
ORD0007,30/04/2025,Coffee Maker,Home,London,2,79.58,63.31,159.16,32.54,CUST52
ORD0008,10/12/2025,Tennis Racket,Sports,Glasgow,3,24.64,14.95,73.92,29.07,CUST137
ORD0009,14/07/2025,Headphones,Electronics,Manchester,5,75.62,41.52,378.1,170.5,CUST139
ORD0010,11/06/2025,Puzzle,Toys,Birmingham,1,30.61,15.6,30.61,15.01,CUST206
ORD0011,02/12/2025,T-Shirt,Fashion,Manchester,5,88.87,52.82,444.35,180.25,CUST256
ORD0012,03/10/2025,Football,Sports,Manchester,3,22.57,16.33,67.71,18.72,CUST135
ORD0013,12/03/2025,Board Game,Toys,Bristol,4,42.58,34.03,170.32,34.2,CUST261
ORD0014,15/12/2025,Yoga Mat,Sports,London,1,23.76,13.02,23.76,10.74,CUST217
ORD0015,09/05/2025,LEGO Set,Toys,Glasgow,4,63.63,40.75,254.52,91.52,CUST284
ORD0016,31/05/2025,Wireless Mouse,Electronics,Bristol,3,79.17,47.66,237.51,94.53,CUST223
ORD0017,17/09/2025,Vacuum Cleaner,Home,London,3,97.47,71.02,292.41,79.35,CUST55
ORD0018,04/10/2025,Hat,Fashion,Bristol,2,23.76,17.32,47.52,12.88,CUST272
ORD0019,07/06/2025,Headphones,Electronics,Birmingham,4,11.75,9.15,47,10.4,CUST123
ORD0020,05/02/2025,Keyboard,Electronics,Bristol,1,17.71,11.44,17.71,6.27,CUST273
ORD0021,07/11/2025,Blender,Home,Glasgow,5,24.86,16.37,124.3,42.45,CUST217
ORD0022,11/07/2025,Air Fryer,Home,Manchester,3,45.91,32.21,137.73,41.1,CUST225
ORD0023,29/10/2025,Board Game,Toys,London,2,30.22,18.18,60.44,24.08,CUST284
ORD0024,28/04/2025,Air Fryer,Home,Manchester,1,16.39,11.3,16.39,5.09,CUST35
ORD0025,20/04/2025,USB Hub,Electronics,London,5,31.42,22.02,157.1,47,CUST277
ORD0026,28/07/2025,Air Fryer,Home,Bristol,4,31.87,20.46,127.48,45.64,CUST98
ORD0027,28/01/2025,Wireless Mouse,Electronics,Glasgow,3,48.12,30.8,144.36,51.96,CUST51
ORD0028,18/08/2025,Laptop Stand,Electronics,Birmingham,1,32.38,18.04,32.38,14.34,CUST72
ORD0029,15/08/2025,Dumbbells,Sports,Birmingham,4,32.48,25.24,129.92,28.96,CUST282
ORD0030,02/05/2025,Wireless Mouse,Electronics,Bristol,1,97.21,75.62,97.21,21.59,CUST86
ORD0031,26/03/2025,Football,Sports,Glasgow,2,87.82,67.69,175.64,40.26,CUST195
ORD0032,12/10/2025,Laptop Stand,Electronics,Birmingham,4,35.67,25.29,142.68,41.52,CUST250
ORD0033,05/10/2025,Blender,Home,Birmingham,2,97.18,65.48,194.36,63.4,CUST32
ORD0034,29/09/2025,T-Shirt,Fashion,London,5,52.91,41.05,264.55,59.3,CUST81
ORD0035,01/05/2025,Headphones,Electronics,London,2,16.17,8.41,32.34,15.52,CUST207
ORD0036,03/08/2025,Headphones,Electronics,Manchester,5,63.51,43.56,317.55,99.75,CUST299
ORD0037,03/05/2025,Doll,Toys,Birmingham,3,28.38,20.29,85.14,24.27,CUST136
ORD0038,07/02/2025,Dumbbells,Sports,Birmingham,4,38.46,27.91,153.84,42.2,CUST5
ORD0039,16/05/2025,Running Shoes,Sports,Bristol,1,16.59,9.36,16.59,7.23,CUST68
ORD0040,06/10/2025,T-Shirt,Fashion,Manchester,3,35.65,22.51,106.95,39.42,CUST155
ORD0041,10/03/2025,Doll,Toys,London,5,36.94,25.82,184.7,55.6,CUST136
ORD0042,25/06/2025,Wireless Mouse,Electronics,Bristol,2,34.51,23.52,69.02,21.98,CUST105
ORD0043,17/02/2025,Hat,Fashion,Glasgow,3,91.48,68.96,274.44,67.56,CUST217
ORD0044,15/05/2025,T-Shirt,Fashion,London,3,79.4,54.88,238.2,73.56,CUST83
ORD0045,20/12/2025,Running Shoes,Sports,Glasgow,5,10.87,5.68,54.35,25.95,CUST77
ORD0046,22/01/2025,LEGO Set,Toys,Birmingham,5,59.73,37.57,298.65,110.8,CUST158
ORD0047,01/07/2025,T-Shirt,Fashion,Birmingham,2,71.39,49.98,142.78,42.82,CUST287
ORD0048,01/04/2025,Running Shoes,Sports,Manchester,2,87.81,69.62,175.62,36.38,CUST212
ORD0049,08/05/2025,Keyboard,Electronics,Birmingham,4,82.2,62.41,328.8,79.16,CUST137
ORD0050,24/08/2025,Coffee Maker,Home,Glasgow,1,87.27,49.46,87.27,37.81,CUST180
ORD0051,23/05/2025,Jeans,Fashion,Manchester,1,69.4,43,69.4,26.4,CUST36
ORD0052,19/06/2025,Jacket,Fashion,Bristol,4,71.16,53.59,284.64,70.28,CUST15
ORD0053,25/02/2025,USB Hub,Electronics,Manchester,5,96.63,56.01,483.15,203.1,CUST223
ORD0054,23/10/2025,Jacket,Fashion,Glasgow,5,98.58,52.71,492.9,229.35,CUST98
ORD0055,18/12/2025,T-Shirt,Fashion,Glasgow,1,56.79,42.14,56.79,14.65,CUST101
ORD0056,05/03/2025,Sneakers,Fashion,London,3,66.08,46.19,198.24,59.67,CUST154
ORD0057,07/03/2025,Action Figure,Toys,Glasgow,3,46.22,27.21,138.66,57.03,CUST99
ORD0058,01/01/2025,Football,Sports,Manchester,5,61.22,38.07,306.1,115.75,CUST156
ORD0059,15/08/2025,Jeans,Fashion,Glasgow,5,64.6,38.55,323,130.25,CUST227
ORD0060,06/12/2025,Air Fryer,Home,Glasgow,2,69.3,40.55,138.6,57.5,CUST172
ORD0061,24/01/2025,Keyboard,Electronics,Birmingham,2,82.59,44.95,165.18,75.28,CUST126
ORD0062,10/04/2025,Running Shoes,Sports,London,4,47.3,32.59,189.2,58.84,CUST197
ORD0063,24/02/2025,Football,Sports,Manchester,2,69.05,34.64,138.1,68.82,CUST218
ORD0064,04/03/2025,Blender,Home,Bristol,4,14.52,8.35,58.08,24.68,CUST234
ORD0065,15/08/2025,Vacuum Cleaner,Home,Bristol,5,63.59,49.92,317.95,68.35,CUST259
ORD0066,13/05/2025,Running Shoes,Sports,Glasgow,2,76.93,49.42,153.86,55.02,CUST127
ORD0067,27/05/2025,Hat,Fashion,Glasgow,2,34.71,18.16,69.42,33.1,CUST121
ORD0068,16/07/2025,Jacket,Fashion,Birmingham,5,17.25,9.41,86.25,39.2,CUST79
ORD0069,01/02/2025,Coffee Maker,Home,Glasgow,4,39.78,25.45,159.12,57.32,CUST106
ORD0070,14/07/2025,Football,Sports,Bristol,1,87.11,63.56,87.11,23.55,CUST245
ORD0071,03/08/2025,USB Hub,Electronics,Birmingham,4,86.81,68.24,347.24,74.28,CUST276
ORD0072,15/01/2025,Doll,Toys,Manchester,4,29.75,18.76,119,43.96,CUST200
ORD0073,01/10/2025,Sneakers,Fashion,Manchester,4,92.76,73.67,371.04,76.36,CUST14
ORD0074,25/08/2025,Running Shoes,Sports,Bristol,1,17.56,11.04,17.56,6.52,CUST94
ORD0075,14/07/2025,USB Hub,Electronics,Glasgow,3,29.05,17.37,87.15,35.04,CUST143
ORD0076,29/06/2025,Tennis Racket,Sports,London,4,11.74,7.77,46.96,15.88,CUST115
ORD0077,20/03/2025,Wireless Mouse,Electronics,London,2,27.94,14.14,55.88,27.6,CUST123
ORD0078,12/05/2025,Vacuum Cleaner,Home,London,5,95.3,60.95,476.5,171.75,CUST189
ORD0079,09/06/2025,Air Fryer,Home,Bristol,1,80,43.93,80,36.07,CUST56
ORD0080,23/07/2025,LEGO Set,Toys,Birmingham,5,70.96,55.88,354.8,75.4,CUST102
ORD0081,17/12/2025,Headphones,Electronics,Manchester,1,72.75,42.96,72.75,29.79,CUST62
ORD0082,17/09/2025,LEGO Set,Toys,Birmingham,5,48.55,29.67,242.75,94.4,CUST175
ORD0083,24/08/2025,Laptop Stand,Electronics,Glasgow,1,49.02,29.84,49.02,19.18,CUST79
ORD0084,05/09/2025,Dumbbells,Sports,Bristol,3,65.43,50.77,196.29,43.98,CUST239
ORD0085,14/02/2025,Running Shoes,Sports,Birmingham,3,86.65,64.92,259.95,65.19,CUST143
ORD0086,15/01/2025,Dumbbells,Sports,Glasgow,5,64.93,39.85,324.65,125.4,CUST254
ORD0087,24/05/2025,Jeans,Fashion,Glasgow,2,41.93,24.21,83.86,35.44,CUST142
ORD0088,08/09/2025,LEGO Set,Toys,Bristol,2,17.71,12.68,35.42,10.06,CUST285
ORD0089,24/04/2025,Vacuum Cleaner,Home,Glasgow,4,81.36,42.95,325.44,153.64,CUST208
ORD0090,06/08/2025,Toaster,Home,Bristol,3,52.59,34.67,157.77,53.76,CUST282
ORD0091,09/04/2025,Jacket,Fashion,Glasgow,3,37.6,21.4,112.8,48.6,CUST162
ORD0092,29/10/2025,Headphones,Electronics,Manchester,2,29.47,19.02,58.94,20.9,CUST269
ORD0093,04/06/2025,Action Figure,Toys,London,2,36.66,22.3,73.32,28.72,CUST8
ORD0094,24/12/2025,Puzzle,Toys,Birmingham,1,97.69,65.06,97.69,32.63,CUST65
ORD0095,24/06/2025,Yoga Mat,Sports,London,5,35.59,22.91,177.95,63.4,CUST95
ORD0096,07/02/2025,USB Hub,Electronics,Glasgow,1,83.99,52.09,83.99,31.9,CUST296
ORD0097,08/05/2025,Keyboard,Electronics,Manchester,5,95.42,50.15,477.1,226.35,CUST61
ORD0098,25/09/2025,Board Game,Toys,Bristol,5,81.17,46.08,405.85,175.45,CUST195
ORD0099,14/11/2025,Football,Sports,Birmingham,5,99.1,58.63,495.5,202.35,CUST31
ORD0100,03/05/2025,LEGO Set,Toys,Manchester,2,33.82,17.73,67.64,32.18,CUST89
ORD0101,29/08/2025,LEGO Set,Toys,Manchester,1,46.77,33.06,46.77,13.71,CUST150
ORD0102,18/12/2025,Keyboard,Electronics,Birmingham,3,73.27,46.62,219.81,79.95,CUST120
ORD0103,18/03/2025,Hat,Fashion,Manchester,4,20.33,11.54,81.32,35.16,CUST137
ORD0104,19/10/2025,Coffee Maker,Home,London,2,81.34,55.19,162.68,52.3,CUST148
ORD0105,14/09/2025,Yoga Mat,Sports,Glasgow,3,72.98,57.13,218.94,47.55,CUST277
ORD0106,15/06/2025,Football,Sports,London,5,13.59,8.56,67.95,25.15,CUST129
ORD0107,11/12/2025,Wireless Mouse,Electronics,Manchester,5,62.84,31.81,314.2,155.15,CUST138
ORD0108,23/05/2025,LEGO Set,Toys,Manchester,4,56.71,35.88,226.84,83.32,CUST93
ORD0109,14/06/2025,Board Game,Toys,Glasgow,1,52.3,32.56,52.3,19.74,CUST54
ORD0110,09/10/2025,Toaster,Home,Glasgow,4,35.94,28.16,143.76,31.12,CUST19
ORD0111,26/07/2025,Yoga Mat,Sports,Birmingham,3,39.09,30.92,117.27,24.51,CUST264
ORD0112,15/11/2025,Headphones,Electronics,Glasgow,4,14.88,9.75,59.52,20.52,CUST256
ORD0113,13/08/2025,Yoga Mat,Sports,Manchester,3,59.43,46.25,178.29,39.54,CUST249
ORD0114,08/01/2025,Wireless Mouse,Electronics,Bristol,2,73.88,43.83,147.76,60.1,CUST283
ORD0115,20/03/2025,Yoga Mat,Sports,Manchester,1,51.53,27.58,51.53,23.95,CUST256
ORD0116,05/05/2025,Hat,Fashion,Birmingham,4,85.13,67.6,340.52,70.12,CUST234
ORD0117,11/03/2025,Puzzle,Toys,Glasgow,2,92.97,60.66,185.94,64.62,CUST36
ORD0118,02/06/2025,Sneakers,Fashion,Birmingham,5,34.05,17.05,170.25,85,CUST297
ORD0119,06/10/2025,Dumbbells,Sports,Glasgow,5,53.59,32.14,267.95,107.25,CUST194
ORD0120,30/07/2025,Tennis Racket,Sports,Manchester,2,61.46,35.04,122.92,52.84,CUST23
ORD0121,30/11/2025,Sneakers,Fashion,Glasgow,4,98.96,73,395.84,103.84,CUST78
ORD0122,21/02/2025,Yoga Mat,Sports,Manchester,5,96.88,58.09,484.4,193.95,CUST226
ORD0123,02/12/2025,Headphones,Electronics,Glasgow,1,75.02,46.74,75.02,28.28,CUST80
ORD0124,11/02/2025,Laptop Stand,Electronics,Birmingham,3,66.09,40.93,198.27,75.48,CUST169
ORD0125,05/02/2025,Board Game,Toys,Birmingham,4,88.51,45.21,354.04,173.2,CUST121
ORD0126,27/12/2025,Jeans,Fashion,London,4,98.05,71.39,392.2,106.64,CUST52
ORD0127,31/05/2025,Dumbbells,Sports,Birmingham,1,14.14,10.45,14.14,3.69,CUST184
ORD0128,03/04/2025,Sneakers,Fashion,Manchester,2,57.8,38.71,115.6,38.18,CUST88
ORD0129,26/10/2025,Coffee Maker,Home,Bristol,4,65.77,37.64,263.08,112.52,CUST74
ORD0130,27/08/2025,Vacuum Cleaner,Home,Birmingham,4,32.98,16.58,131.92,65.6,CUST148
ORD0131,03/06/2025,Puzzle,Toys,London,4,95.07,75.7,380.28,77.48,CUST218
ORD0132,24/02/2025,Sneakers,Fashion,Birmingham,2,99.94,75.55,199.88,48.78,CUST122
ORD0133,12/01/2025,Running Shoes,Sports,Birmingham,5,36.63,26,183.15,53.15,CUST203
ORD0134,27/05/2025,T-Shirt,Fashion,Bristol,1,91.96,66.54,91.96,25.42,CUST118
ORD0135,04/12/2025,Action Figure,Toys,Manchester,2,65.88,46.34,131.76,39.08,CUST71
ORD0136,09/03/2025,Wireless Mouse,Electronics,Birmingham,4,13,7.92,52,20.32,CUST47
ORD0137,07/07/2025,Jacket,Fashion,Glasgow,2,28.07,20.66,56.14,14.82,CUST272
ORD0138,01/06/2025,Action Figure,Toys,Manchester,3,92.26,72.26,276.78,60,CUST174
ORD0139,13/12/2025,Laptop Stand,Electronics,London,2,77.87,44.21,155.74,67.32,CUST204
ORD0140,21/08/2025,Action Figure,Toys,London,4,11.25,7.44,45,15.24,CUST189
ORD0141,13/01/2025,Hat,Fashion,Glasgow,3,19.75,11.26,59.25,25.47,CUST288
ORD0142,25/12/2025,Hat,Fashion,Manchester,1,67.19,42.95,67.19,24.24,CUST155
ORD0143,10/09/2025,Yoga Mat,Sports,Manchester,1,95.16,56.27,95.16,38.89,CUST60
ORD0144,23/12/2025,Keyboard,Electronics,Bristol,2,44.98,27.5,89.96,34.96,CUST277
ORD0145,12/11/2025,Running Shoes,Sports,Manchester,4,68.94,51.71,275.76,68.92,CUST209
ORD0146,05/07/2025,T-Shirt,Fashion,Birmingham,2,49.9,39.18,99.8,21.44,CUST51
ORD0147,04/03/2025,Hat,Fashion,Birmingham,1,45.83,25.52,45.83,20.31,CUST233
ORD0148,06/03/2025,Keyboard,Electronics,Bristol,1,14.55,8.73,14.55,5.82,CUST290
ORD0149,30/04/2025,Coffee Maker,Home,Bristol,2,62.77,46.7,125.54,32.14,CUST169
ORD0150,08/03/2025,Air Fryer,Home,London,3,87.26,47.42,261.78,119.52,CUST277
ORD0151,02/05/2025,Jeans,Fashion,London,1,21.86,13.28,21.86,8.58,CUST166
ORD0152,28/02/2025,Keyboard,Electronics,Birmingham,1,21.41,13.41,21.41,8,CUST33
ORD0153,24/04/2025,Football,Sports,Birmingham,5,63.43,40.32,317.15,115.55,CUST23
ORD0154,25/07/2025,Action Figure,Toys,Glasgow,1,15.47,9.96,15.47,5.51,CUST219
ORD0155,17/03/2025,Laptop Stand,Electronics,Glasgow,1,90.93,54.25,90.93,36.68,CUST34
ORD0156,02/11/2025,Toaster,Home,Bristol,5,59.35,35.46,296.75,119.45,CUST272
ORD0157,28/02/2025,Sneakers,Fashion,Bristol,5,48.72,35.95,243.6,63.85,CUST283
ORD0158,24/07/2025,Vacuum Cleaner,Home,Glasgow,2,47.24,35.35,94.48,23.78,CUST213
ORD0159,20/03/2025,USB Hub,Electronics,Glasgow,3,69.86,42.77,209.58,81.27,CUST243
ORD0160,10/07/2025,Wireless Mouse,Electronics,London,1,48.87,35.35,48.87,13.52,CUST67
ORD0161,30/07/2025,LEGO Set,Toys,Bristol,5,60.55,42.45,302.75,90.5,CUST182
ORD0162,17/09/2025,Yoga Mat,Sports,Birmingham,5,38.12,20.24,190.6,89.4,CUST109
ORD0163,28/02/2025,Vacuum Cleaner,Home,Manchester,1,41.51,27.68,41.51,13.83,CUST143
ORD0164,11/11/2025,Puzzle,Toys,Glasgow,5,97.71,72.85,488.55,124.3,CUST286
ORD0165,08/06/2025,Headphones,Electronics,Birmingham,1,26.24,18.65,26.24,7.59,CUST174
ORD0166,14/03/2025,T-Shirt,Fashion,Manchester,2,60.97,37.82,121.94,46.3,CUST16
ORD0167,09/07/2025,Headphones,Electronics,Manchester,4,47.78,28.78,191.12,76,CUST160
ORD0168,13/11/2025,Hat,Fashion,Bristol,1,89.5,48.93,89.5,40.57,CUST26
ORD0169,20/05/2025,USB Hub,Electronics,Glasgow,4,53.71,33.98,214.84,78.92,CUST111
ORD0170,31/10/2025,LEGO Set,Toys,Birmingham,4,19.98,14.06,79.92,23.68,CUST250
ORD0171,04/01/2025,Action Figure,Toys,London,2,45.57,30.98,91.14,29.18,CUST105
ORD0172,12/09/2025,Jeans,Fashion,Manchester,3,36.05,19.32,108.15,50.19,CUST221
ORD0173,09/12/2025,Blender,Home,Glasgow,5,73.33,47.67,366.65,128.3,CUST182
ORD0174,10/06/2025,Laptop Stand,Electronics,London,4,11.69,9.08,46.76,10.44,CUST295
ORD0175,16/06/2025,Running Shoes,Sports,Glasgow,4,36.06,22.41,144.24,54.6,CUST88
ORD0176,12/08/2025,Board Game,Toys,Birmingham,1,49.3,26.22,49.3,23.08,CUST206
ORD0177,28/03/2025,LEGO Set,Toys,Glasgow,3,77.12,43.69,231.36,100.29,CUST40
ORD0178,29/06/2025,LEGO Set,Toys,Bristol,5,27.45,20.12,137.25,36.65,CUST76
ORD0179,02/12/2025,Coffee Maker,Home,Manchester,3,27.75,18.89,83.25,26.58,CUST39
ORD0180,17/10/2025,Vacuum Cleaner,Home,Glasgow,5,78.39,49.75,391.95,143.2,CUST166
ORD0181,21/05/2025,Jeans,Fashion,Glasgow,1,52.2,35.99,52.2,16.21,CUST29
ORD0182,08/07/2025,Hat,Fashion,London,3,51.56,26.36,154.68,75.6,CUST147
ORD0183,11/10/2025,Wireless Mouse,Electronics,Bristol,5,55.64,35.54,278.2,100.5,CUST22
ORD0184,01/02/2025,Running Shoes,Sports,Manchester,3,64.45,41.92,193.35,67.59,CUST231
ORD0185,29/12/2025,USB Hub,Electronics,London,5,68.15,34.88,340.75,166.35,CUST225
ORD0186,25/05/2025,Running Shoes,Sports,Bristol,5,24.29,14.86,121.45,47.15,CUST199
ORD0187,03/02/2025,Tennis Racket,Sports,Bristol,1,81.03,56.25,81.03,24.78,CUST169
ORD0188,05/11/2025,Headphones,Electronics,Glasgow,3,32.68,24.69,98.04,23.97,CUST77
ORD0189,02/12/2025,T-Shirt,Fashion,Bristol,2,92.51,54.86,185.02,75.3,CUST201
ORD0190,18/06/2025,Air Fryer,Home,London,3,60.3,41.79,180.9,55.53,CUST66
ORD0191,03/04/2025,LEGO Set,Toys,Glasgow,5,42.56,25.91,212.8,83.25,CUST110
ORD0192,01/06/2025,Sneakers,Fashion,Manchester,2,100,54.65,200,90.7,CUST52
ORD0193,13/11/2025,Doll,Toys,Bristol,1,69.57,53.08,69.57,16.49,CUST68
ORD0194,16/11/2025,Board Game,Toys,Manchester,2,26.28,18.6,52.56,15.36,CUST85
ORD0195,16/08/2025,Yoga Mat,Sports,Glasgow,3,70.87,40.49,212.61,91.14,CUST146
ORD0196,29/08/2025,Dumbbells,Sports,Bristol,2,37.85,28.11,75.7,19.48,CUST100
ORD0197,15/09/2025,Hat,Fashion,Glasgow,4,79.25,58.12,317,84.52,CUST271
ORD0198,25/11/2025,Dumbbells,Sports,Manchester,5,22.46,12.91,112.3,47.75,CUST247
ORD0199,24/03/2025,Hat,Fashion,London,5,86.6,50.71,433,179.45,CUST140
ORD0200,19/08/2025,Running Shoes,Sports,Manchester,4,18.25,14.11,73,16.56,CUST179
ORD0201,11/02/2025,Laptop Stand,Electronics,London,4,55.18,31.49,220.72,94.76,CUST192
ORD0202,16/03/2025,Coffee Maker,Home,Birmingham,1,85.53,59.44,85.53,26.09,CUST71
ORD0203,12/11/2025,USB Hub,Electronics,Glasgow,2,78.3,50.17,156.6,56.26,CUST3
ORD0204,08/11/2025,Wireless Mouse,Electronics,Birmingham,2,85.15,56.59,170.3,57.12,CUST271
ORD0205,03/08/2025,Yoga Mat,Sports,Birmingham,2,37.1,19.08,74.2,36.04,CUST235
ORD0206,22/10/2025,Wireless Mouse,Electronics,Glasgow,5,58.24,40.16,291.2,90.4,CUST124
ORD0207,02/08/2025,Toaster,Home,Glasgow,1,65.33,37.38,65.33,27.95,CUST96
ORD0208,17/09/2025,Headphones,Electronics,Birmingham,1,95.81,63.54,95.81,32.27,CUST284
ORD0209,10/05/2025,Laptop Stand,Electronics,Glasgow,1,67.21,53.39,67.21,13.82,CUST9
ORD0210,25/10/2025,T-Shirt,Fashion,Birmingham,2,75.96,52.3,151.92,47.32,CUST171
ORD0211,17/12/2025,Coffee Maker,Home,Birmingham,5,40.47,28.04,202.35,62.15,CUST238
ORD0212,19/01/2025,Dumbbells,Sports,Manchester,1,74.44,58.29,74.44,16.15,CUST151
ORD0213,23/07/2025,Coffee Maker,Home,Manchester,1,38.4,22.77,38.4,15.63,CUST279
ORD0214,25/01/2025,Tennis Racket,Sports,London,2,35.75,27.12,71.5,17.26,CUST170
ORD0215,17/07/2025,T-Shirt,Fashion,Birmingham,4,90.05,65.11,360.2,99.76,CUST174
ORD0216,12/02/2025,Vacuum Cleaner,Home,Glasgow,3,93.19,61.11,279.57,96.24,CUST218
ORD0217,10/02/2025,Laptop Stand,Electronics,Bristol,2,59.09,35.24,118.18,47.7,CUST168
ORD0218,16/08/2025,Jacket,Fashion,Glasgow,5,74.59,41.02,372.95,167.85,CUST180
ORD0219,30/01/2025,Yoga Mat,Sports,Birmingham,5,99.83,58.14,499.15,208.45,CUST39
ORD0220,08/11/2025,Tennis Racket,Sports,Bristol,2,95.75,51.98,191.5,87.54,CUST225
ORD0221,16/07/2025,Keyboard,Electronics,London,2,80.07,48.83,160.14,62.48,CUST291
ORD0222,09/02/2025,Headphones,Electronics,Manchester,4,95.39,58.34,381.56,148.2,CUST294
ORD0223,28/02/2025,Air Fryer,Home,Birmingham,4,38.29,22.35,153.16,63.76,CUST14
ORD0224,14/05/2025,Vacuum Cleaner,Home,Bristol,4,92.22,49.37,368.88,171.4,CUST229
ORD0225,07/02/2025,Air Fryer,Home,Birmingham,4,28.02,15.15,112.08,51.48,CUST232
ORD0226,09/10/2025,Vacuum Cleaner,Home,London,3,70.11,49.98,210.33,60.39,CUST278
ORD0227,04/03/2025,Jacket,Fashion,Manchester,2,81.43,53.14,162.86,56.58,CUST103
ORD0228,28/08/2025,Blender,Home,Glasgow,1,42.48,28.53,42.48,13.95,CUST283
ORD0229,03/09/2025,Air Fryer,Home,London,1,37.84,30.27,37.84,7.57,CUST270
ORD0230,07/02/2025,Football,Sports,Bristol,1,21.28,12.66,21.28,8.62,CUST231
ORD0231,24/11/2025,Running Shoes,Sports,Birmingham,2,89.02,65.35,178.04,47.34,CUST94
ORD0232,05/06/2025,Vacuum Cleaner,Home,Bristol,1,84.83,55.6,84.83,29.23,CUST85
ORD0233,26/05/2025,Toaster,Home,Manchester,3,95.27,62.47,285.81,98.4,CUST41
ORD0234,01/10/2025,Jeans,Fashion,Bristol,3,21.27,12.57,63.81,26.1,CUST48
ORD0235,06/11/2025,Puzzle,Toys,Bristol,5,23.88,16.66,119.4,36.1,CUST173
ORD0236,23/10/2025,LEGO Set,Toys,London,1,14.09,9.76,14.09,4.33,CUST136
ORD0237,18/11/2025,Air Fryer,Home,Glasgow,5,67.51,43.84,337.55,118.35,CUST280
ORD0238,02/06/2025,Jacket,Fashion,Glasgow,2,82.42,58.15,164.84,48.54,CUST233
ORD0239,24/06/2025,Wireless Mouse,Electronics,Manchester,4,47.41,30.31,189.64,68.4,CUST74
ORD0240,15/10/2025,Jacket,Fashion,Birmingham,4,21.77,13.3,87.08,33.88,CUST55
ORD0241,19/02/2025,Jeans,Fashion,Glasgow,1,34.07,19.57,34.07,14.5,CUST26
ORD0242,23/03/2025,Sneakers,Fashion,Bristol,4,32.34,24.57,129.36,31.08,CUST168
ORD0243,13/09/2025,Action Figure,Toys,Manchester,2,54.84,35.89,109.68,37.9,CUST158
ORD0244,21/04/2025,Yoga Mat,Sports,London,4,55.49,43.84,221.96,46.6,CUST299
ORD0245,01/12/2025,T-Shirt,Fashion,London,3,54.54,41.71,163.62,38.49,CUST241
ORD0246,07/07/2025,Hat,Fashion,London,1,48.78,37.3,48.78,11.48,CUST207
ORD0247,11/10/2025,T-Shirt,Fashion,Glasgow,1,61.33,34.25,61.33,27.08,CUST148
ORD0248,16/11/2025,Laptop Stand,Electronics,Bristol,4,78.8,46.01,315.2,131.16,CUST61
ORD0249,07/07/2025,Coffee Maker,Home,Glasgow,3,81.54,49.06,244.62,97.44,CUST74
ORD0250,12/03/2025,Air Fryer,Home,Bristol,4,55.01,28.25,220.04,107.04,CUST171
ORD0251,17/06/2025,Running Shoes,Sports,Glasgow,2,64.56,42.26,129.12,44.6,CUST164
ORD0252,18/09/2025,Vacuum Cleaner,Home,Bristol,3,63.44,41.38,190.32,66.18,CUST273
ORD0253,11/12/2025,Running Shoes,Sports,Birmingham,4,83.42,50.93,333.68,129.96,CUST57
ORD0254,02/12/2025,Running Shoes,Sports,Birmingham,1,63.72,36.94,63.72,26.78,CUST297
ORD0255,14/11/2025,Puzzle,Toys,London,5,53.24,34.99,266.2,91.25,CUST195
ORD0256,10/01/2025,Blender,Home,London,5,95.34,50.81,476.7,222.65,CUST226
ORD0257,10/11/2025,Sneakers,Fashion,Manchester,4,72.15,44.96,288.6,108.76,CUST242
ORD0258,02/09/2025,Keyboard,Electronics,Bristol,2,60.48,48.35,120.96,24.26,CUST270
ORD0259,01/07/2025,Tennis Racket,Sports,Manchester,4,92.09,55.5,368.36,146.36,CUST136
ORD0260,02/06/2025,Board Game,Toys,Manchester,2,35.11,20.7,70.22,28.82,CUST148
ORD0261,21/05/2025,Vacuum Cleaner,Home,Birmingham,4,41.39,32.29,165.56,36.4,CUST148
ORD0262,26/06/2025,Headphones,Electronics,Bristol,4,90.62,56.04,362.48,138.32,CUST75
ORD0263,12/05/2025,T-Shirt,Fashion,Birmingham,1,41.17,26.05,41.17,15.12,CUST246
ORD0264,12/03/2025,Blender,Home,Bristol,3,93.97,66.61,281.91,82.08,CUST56
ORD0265,26/04/2025,Doll,Toys,Manchester,2,14.57,11.24,29.14,6.66,CUST120
ORD0266,12/03/2025,Wireless Mouse,Electronics,Glasgow,3,74.56,39.53,223.68,105.09,CUST3
ORD0267,28/05/2025,Puzzle,Toys,Glasgow,4,52.97,29.65,211.88,93.28,CUST165
ORD0268,20/01/2025,T-Shirt,Fashion,London,5,30.9,22.3,154.5,43,CUST90
ORD0269,29/05/2025,Dumbbells,Sports,London,4,80.92,44.98,323.68,143.76,CUST20
ORD0270,26/05/2025,USB Hub,Electronics,Bristol,5,19.66,15.63,98.3,20.15,CUST233
ORD0271,09/04/2025,Doll,Toys,Glasgow,2,86.6,55.46,173.2,62.28,CUST58
ORD0272,22/06/2025,Jeans,Fashion,Glasgow,3,74.67,37.65,224.01,111.06,CUST152
ORD0273,07/08/2025,Puzzle,Toys,Manchester,5,87.05,66.95,435.25,100.5,CUST264
ORD0274,15/06/2025,T-Shirt,Fashion,Glasgow,1,26.63,14.44,26.63,12.19,CUST128
ORD0275,18/06/2025,USB Hub,Electronics,Glasgow,2,50.21,29.13,100.42,42.16,CUST155
ORD0276,01/02/2025,Doll,Toys,London,3,68.83,48.72,206.49,60.33,CUST61
ORD0277,27/12/2025,Tennis Racket,Sports,Manchester,4,71.75,55.74,287,64.04,CUST160
ORD0278,02/09/2025,USB Hub,Electronics,Birmingham,5,29.88,23.52,149.4,31.8,CUST79
ORD0279,03/10/2025,Running Shoes,Sports,Birmingham,4,73.17,56.62,292.68,66.2,CUST112
ORD0280,09/02/2025,Air Fryer,Home,London,5,50.21,35.71,251.05,72.5,CUST289
ORD0281,26/03/2025,Wireless Mouse,Electronics,Bristol,5,28.19,18.63,140.95,47.8,CUST168
ORD0282,19/09/2025,Board Game,Toys,London,2,74.52,48.19,149.04,52.66,CUST229
ORD0283,14/10/2025,Laptop Stand,Electronics,Manchester,5,47.39,31.71,236.95,78.4,CUST237
ORD0284,24/10/2025,T-Shirt,Fashion,Glasgow,3,83.48,60.42,250.44,69.18,CUST38
ORD0285,05/02/2025,Laptop Stand,Electronics,Birmingham,1,58.7,30.41,58.7,28.29,CUST242
ORD0286,27/11/2025,USB Hub,Electronics,Glasgow,2,79.21,57.8,158.42,42.82,CUST216
ORD0287,05/12/2025,Sneakers,Fashion,Glasgow,4,43.81,30.88,175.24,51.72,CUST277
ORD0288,07/03/2025,Toaster,Home,London,2,99.36,61.4,198.72,75.92,CUST115
ORD0289,30/09/2025,Wireless Mouse,Electronics,Birmingham,4,70.61,46.84,282.44,95.08,CUST195
ORD0290,27/02/2025,Blender,Home,Glasgow,3,23.96,13.33,71.88,31.89,CUST17
ORD0291,18/01/2025,Running Shoes,Sports,London,2,28.55,15.14,57.1,26.82,CUST229
ORD0292,22/04/2025,LEGO Set,Toys,Manchester,1,46.2,26.35,46.2,19.85,CUST29
ORD0293,13/06/2025,Air Fryer,Home,Birmingham,2,83.42,60.02,166.84,46.8,CUST296
ORD0294,24/09/2025,Action Figure,Toys,Manchester,3,88.86,70.71,266.58,54.45,CUST114
ORD0295,31/03/2025,Tennis Racket,Sports,Birmingham,1,60.1,40.72,60.1,19.38,CUST219
ORD0296,26/09/2025,Board Game,Toys,London,3,94.74,66.45,284.22,84.87,CUST164
ORD0297,31/08/2025,Football,Sports,Manchester,3,43.88,31.87,131.64,36.03,CUST124
ORD0298,02/08/2025,Toaster,Home,Manchester,4,92.33,61.74,369.32,122.36,CUST286
ORD0299,10/02/2025,Puzzle,Toys,Glasgow,2,32.95,19.74,65.9,26.42,CUST231
ORD0300,06/11/2025,T-Shirt,Fashion,Bristol,2,14.64,8.98,29.28,11.32,CUST21
ORD0301,20/06/2025,Keyboard,Electronics,Bristol,5,29.53,16.62,147.65,64.55,CUST156
ORD0302,05/05/2025,Keyboard,Electronics,Manchester,1,77.22,56.08,77.22,21.14,CUST105
ORD0303,01/10/2025,Dumbbells,Sports,Bristol,3,79.8,49.01,239.4,92.37,CUST184
ORD0304,29/08/2025,Jacket,Fashion,Birmingham,5,89.45,57.23,447.25,161.1,CUST164
ORD0305,16/03/2025,Toaster,Home,Birmingham,4,14.11,10.71,56.44,13.6,CUST9
ORD0306,11/04/2025,Hat,Fashion,Bristol,5,74.8,44.02,374,153.9,CUST169
ORD0307,17/12/2025,Vacuum Cleaner,Home,Bristol,2,54.94,38.26,109.88,33.36,CUST173
ORD0308,28/03/2025,Sneakers,Fashion,Glasgow,4,25.14,18.57,100.56,26.28,CUST72
ORD0309,26/09/2025,Board Game,Toys,Manchester,5,99.13,78.03,495.65,105.5,CUST18
ORD0310,04/02/2025,Wireless Mouse,Electronics,London,4,22.37,15.42,89.48,27.8,CUST78
ORD0311,08/12/2025,Keyboard,Electronics,Bristol,4,43.59,29.87,174.36,54.88,CUST248
ORD0312,29/09/2025,Yoga Mat,Sports,London,5,59.65,30.04,298.25,148.05,CUST141
ORD0313,02/04/2025,Action Figure,Toys,London,5,83.18,58.41,415.9,123.85,CUST55
ORD0314,01/07/2025,Headphones,Electronics,Manchester,2,27.27,17.94,54.54,18.66,CUST137
ORD0315,23/12/2025,Yoga Mat,Sports,Birmingham,4,51.31,29.4,205.24,87.64,CUST116
ORD0316,01/09/2025,T-Shirt,Fashion,London,1,46.48,28.5,46.48,17.98,CUST29
ORD0317,19/06/2025,Keyboard,Electronics,London,4,86.08,59.69,344.32,105.56,CUST290
ORD0318,18/10/2025,Headphones,Electronics,London,2,29.03,22.08,58.06,13.9,CUST244
ORD0319,17/01/2025,T-Shirt,Fashion,London,3,90.94,60.84,272.82,90.3,CUST92
ORD0320,23/07/2025,T-Shirt,Fashion,Manchester,5,22.98,17.15,114.9,29.15,CUST40
ORD0321,13/12/2025,Jeans,Fashion,Bristol,2,61,46.04,122,29.92,CUST277
ORD0322,28/01/2025,Sneakers,Fashion,Manchester,1,55.07,43.63,55.07,11.44,CUST51
ORD0323,01/11/2025,Dumbbells,Sports,London,3,64.47,44.11,193.41,61.08,CUST204
ORD0324,12/07/2025,T-Shirt,Fashion,Birmingham,4,54.15,32.86,216.6,85.16,CUST222
ORD0325,07/05/2025,Air Fryer,Home,Glasgow,1,79.5,46.79,79.5,32.71,CUST38
ORD0326,19/07/2025,USB Hub,Electronics,Manchester,4,74.05,51.11,296.2,91.76,CUST163
ORD0327,19/05/2025,T-Shirt,Fashion,London,1,94.87,60.09,94.87,34.78,CUST53
ORD0328,28/07/2025,Coffee Maker,Home,Manchester,4,50.4,33.59,201.6,67.24,CUST53
ORD0329,16/06/2025,Wireless Mouse,Electronics,Birmingham,5,18.38,12.49,91.9,29.45,CUST198
ORD0330,14/10/2025,USB Hub,Electronics,Glasgow,4,80.13,57.49,320.52,90.56,CUST125
ORD0331,18/05/2025,Doll,Toys,Manchester,4,25.26,14.67,101.04,42.36,CUST253
ORD0332,09/02/2025,Coffee Maker,Home,Manchester,4,34.84,20.55,139.36,57.16,CUST185
ORD0333,11/03/2025,Jeans,Fashion,Glasgow,5,65.5,41.75,327.5,118.75,CUST156
ORD0334,14/08/2025,Laptop Stand,Electronics,Birmingham,5,44.19,33.53,220.95,53.3,CUST172
ORD0335,13/04/2025,Running Shoes,Sports,Manchester,3,38.86,30.47,116.58,25.17,CUST246
ORD0336,09/09/2025,Jeans,Fashion,Glasgow,3,36.23,25.67,108.69,31.68,CUST295
ORD0337,28/02/2025,Toaster,Home,Glasgow,3,83.48,51.58,250.44,95.7,CUST289
ORD0338,25/08/2025,Air Fryer,Home,Bristol,2,71.35,47.45,142.7,47.8,CUST108
ORD0339,05/06/2025,Tennis Racket,Sports,London,4,70.57,38.23,282.28,129.36,CUST124
ORD0340,03/09/2025,Jeans,Fashion,Glasgow,4,16.66,13.28,66.64,13.52,CUST299
ORD0341,04/07/2025,Running Shoes,Sports,Bristol,4,58.93,43.44,235.72,61.96,CUST275
ORD0342,28/11/2025,LEGO Set,Toys,London,2,69.18,41.96,138.36,54.44,CUST23
ORD0343,24/04/2025,Board Game,Toys,Birmingham,4,19.54,10.35,78.16,36.76,CUST262
ORD0344,26/08/2025,Doll,Toys,Bristol,5,29.89,18.3,149.45,57.95,CUST257
ORD0345,13/02/2025,Toaster,Home,London,4,19.41,12.13,77.64,29.12,CUST60
ORD0346,05/09/2025,Toaster,Home,Birmingham,3,50.98,28.65,152.94,66.99,CUST179
ORD0347,30/12/2025,Yoga Mat,Sports,Glasgow,4,38.7,22.84,154.8,63.44,CUST59
ORD0348,22/09/2025,USB Hub,Electronics,London,2,93.69,67.66,187.38,52.06,CUST90
ORD0349,27/07/2025,Puzzle,Toys,Birmingham,5,48.37,30.89,241.85,87.4,CUST95
ORD0350,19/08/2025,Vacuum Cleaner,Home,Glasgow,1,76.36,58.41,76.36,17.95,CUST220
ORD0351,02/02/2025,Yoga Mat,Sports,Manchester,2,35.05,24.93,70.1,20.24,CUST296
ORD0352,15/05/2025,Headphones,Electronics,Manchester,3,39.34,25.07,118.02,42.81,CUST251
ORD0353,28/06/2025,Action Figure,Toys,Bristol,4,65.02,43.96,260.08,84.24,CUST181
ORD0354,11/12/2025,Running Shoes,Sports,Manchester,3,92.68,62.75,278.04,89.79,CUST69
ORD0355,14/03/2025,T-Shirt,Fashion,Manchester,3,20.53,12.56,61.59,23.91,CUST262
ORD0356,07/09/2025,Football,Sports,Bristol,2,61.73,38.7,123.46,46.06,CUST276
ORD0357,19/08/2025,Air Fryer,Home,Manchester,4,36,20.02,144,63.92,CUST28
ORD0358,15/10/2025,T-Shirt,Fashion,Glasgow,2,27.56,16.95,55.12,21.22,CUST259
ORD0359,27/03/2025,Football,Sports,Glasgow,4,73.91,46.8,295.64,108.44,CUST43
ORD0360,28/05/2025,LEGO Set,Toys,Manchester,3,12.94,7.34,38.82,16.8,CUST87
ORD0361,18/05/2025,Running Shoes,Sports,Glasgow,5,55.97,37.6,279.85,91.85,CUST279
ORD0362,22/02/2025,Hat,Fashion,London,4,59.17,47.15,236.68,48.08,CUST127
ORD0363,13/08/2025,T-Shirt,Fashion,Glasgow,3,41.37,30.82,124.11,31.65,CUST61
ORD0364,08/08/2025,Blender,Home,Bristol,3,87.49,59.76,262.47,83.19,CUST85
ORD0365,30/09/2025,Puzzle,Toys,Manchester,2,82.49,55.35,164.98,54.28,CUST144
ORD0366,21/10/2025,Doll,Toys,Manchester,3,98.11,57.67,294.33,121.32,CUST137
ORD0367,02/12/2025,LEGO Set,Toys,Manchester,4,92.69,73.94,370.76,75,CUST65
ORD0368,13/12/2025,Blender,Home,Manchester,3,84.56,61.6,253.68,68.88,CUST202
ORD0369,08/02/2025,Dumbbells,Sports,Bristol,3,66.5,40.73,199.5,77.31,CUST48
ORD0370,25/10/2025,Running Shoes,Sports,Birmingham,3,50.92,32.92,152.76,54,CUST2
ORD0371,08/08/2025,Laptop Stand,Electronics,Birmingham,1,81.61,50.54,81.61,31.07,CUST109
ORD0372,17/10/2025,Tennis Racket,Sports,Birmingham,3,40.4,27.2,121.2,39.6,CUST249
ORD0373,09/01/2025,T-Shirt,Fashion,London,1,66.36,49.84,66.36,16.52,CUST64
ORD0374,19/12/2025,Vacuum Cleaner,Home,Glasgow,1,99.27,62.38,99.27,36.89,CUST68
ORD0375,10/07/2025,Jeans,Fashion,Birmingham,1,68.91,39.63,68.91,29.28,CUST85
ORD0376,18/02/2025,Laptop Stand,Electronics,Birmingham,2,48.63,25.65,97.26,45.96,CUST1
ORD0377,16/08/2025,Vacuum Cleaner,Home,London,2,63.43,41.6,126.86,43.66,CUST5
ORD0378,28/04/2025,USB Hub,Electronics,London,4,72.46,46.61,289.84,103.4,CUST197
ORD0379,15/07/2025,Wireless Mouse,Electronics,London,3,43.08,25.41,129.24,53.01,CUST69
ORD0380,14/08/2025,Coffee Maker,Home,Bristol,5,10.76,7.48,53.8,16.4,CUST180
ORD0381,14/02/2025,Blender,Home,Glasgow,5,71.79,54.42,358.95,86.85,CUST52
ORD0382,13/03/2025,Coffee Maker,Home,Bristol,4,41.64,26.18,166.56,61.84,CUST127
ORD0383,26/05/2025,T-Shirt,Fashion,Manchester,5,64.09,45.91,320.45,90.9,CUST14
ORD0384,01/06/2025,Jeans,Fashion,Bristol,5,55.86,40.46,279.3,77,CUST28
ORD0385,06/02/2025,Vacuum Cleaner,Home,Glasgow,1,31.7,21.92,31.7,9.78,CUST271
ORD0386,04/08/2025,USB Hub,Electronics,Birmingham,2,44.82,33.69,89.64,22.26,CUST188
ORD0387,15/05/2025,Puzzle,Toys,Glasgow,1,11.5,5.98,11.5,5.52,CUST111
ORD0388,01/08/2025,Wireless Mouse,Electronics,Glasgow,5,35.78,25.54,178.9,51.2,CUST217
ORD0389,08/06/2025,Yoga Mat,Sports,Bristol,5,65.44,38.17,327.2,136.35,CUST41
ORD0390,29/11/2025,Puzzle,Toys,Manchester,5,39.41,26.64,197.05,63.85,CUST34
ORD0391,01/03/2025,Sneakers,Fashion,Manchester,1,32,24.88,32,7.12,CUST233
ORD0392,31/03/2025,Doll,Toys,London,3,69.95,48.78,209.85,63.51,CUST62
ORD0393,22/09/2025,Keyboard,Electronics,London,2,54.68,33.03,109.36,43.3,CUST133
ORD0394,16/01/2025,Toaster,Home,Manchester,3,75.96,40.67,227.88,105.87,CUST172
ORD0395,18/11/2025,Tennis Racket,Sports,Bristol,1,33.67,26.68,33.67,6.99,CUST40
ORD0396,27/03/2025,Football,Sports,Bristol,3,14.99,11.36,44.97,10.89,CUST189
ORD0397,18/09/2025,Toaster,Home,London,5,70.67,37.78,353.35,164.45,CUST2
ORD0398,18/03/2025,Wireless Mouse,Electronics,Manchester,1,52.46,32.26,52.46,20.2,CUST92
ORD0399,13/06/2025,Headphones,Electronics,Glasgow,2,38.96,24.35,77.92,29.22,CUST139
ORD0400,02/04/2025,Headphones,Electronics,Birmingham,1,55.18,42.52,55.18,12.66,CUST115
ORD0401,09/06/2025,LEGO Set,Toys,Glasgow,1,88.93,67.57,88.93,21.36,CUST168
ORD0402,05/06/2025,Headphones,Electronics,Glasgow,1,43.2,25.38,43.2,17.82,CUST125
ORD0403,07/10/2025,Tennis Racket,Sports,Bristol,4,99.8,73.13,399.2,106.68,CUST126
ORD0404,22/12/2025,Coffee Maker,Home,Glasgow,1,30.97,18.7,30.97,12.27,CUST5
ORD0405,02/05/2025,T-Shirt,Fashion,Glasgow,3,19.36,12.76,58.08,19.8,CUST215
ORD0406,24/09/2025,Yoga Mat,Sports,Manchester,3,18.37,14.26,55.11,12.33,CUST212
ORD0407,21/07/2025,Sneakers,Fashion,London,5,18.6,10.05,93,42.75,CUST39
ORD0408,30/05/2025,Doll,Toys,London,4,69.62,37.54,278.48,128.32,CUST134
ORD0409,14/04/2025,Sneakers,Fashion,Birmingham,3,50.75,28.93,152.25,65.46,CUST70
ORD0410,28/07/2025,LEGO Set,Toys,Manchester,1,24.79,15.86,24.79,8.93,CUST62
ORD0411,03/03/2025,Action Figure,Toys,Manchester,4,37.75,21.88,151,63.48,CUST47
ORD0412,17/03/2025,Toaster,Home,Bristol,1,29.35,22.22,29.35,7.13,CUST47
ORD0413,31/03/2025,Toaster,Home,Glasgow,5,14.41,8.5,72.05,29.55,CUST16
ORD0414,13/03/2025,Football,Sports,Bristol,5,32.49,20.75,162.45,58.7,CUST63
ORD0415,18/12/2025,Wireless Mouse,Electronics,Manchester,2,27.83,17.26,55.66,21.14,CUST44
ORD0416,27/11/2025,Doll,Toys,Birmingham,1,11.96,6.21,11.96,5.75,CUST228
ORD0417,28/03/2025,Coffee Maker,Home,Birmingham,1,13.84,8.83,13.84,5.01,CUST294
ORD0418,01/07/2025,Football,Sports,Glasgow,1,44.45,27.91,44.45,16.54,CUST110
ORD0419,14/11/2025,Toaster,Home,Birmingham,4,89.51,45.69,358.04,175.28,CUST126
ORD0420,16/07/2025,Sneakers,Fashion,Glasgow,5,53.11,27.95,265.55,125.8,CUST71
ORD0421,10/01/2025,Dumbbells,Sports,Bristol,2,66.77,49.45,133.54,34.64,CUST196
ORD0422,14/06/2025,Sneakers,Fashion,Bristol,4,40.96,27.43,163.84,54.12,CUST199
ORD0423,24/05/2025,Jeans,Fashion,London,3,63.74,32.43,191.22,93.93,CUST30
ORD0424,21/02/2025,Running Shoes,Sports,Birmingham,5,99.96,79.19,499.8,103.85,CUST127
ORD0425,22/10/2025,Toaster,Home,Bristol,1,78.76,61.77,78.76,16.99,CUST199
ORD0426,24/12/2025,Jeans,Fashion,Manchester,2,63.33,46.98,126.66,32.7,CUST184
ORD0427,07/04/2025,LEGO Set,Toys,Birmingham,5,60.72,40.62,303.6,100.5,CUST253
ORD0428,05/11/2025,Action Figure,Toys,Manchester,4,13.42,6.94,53.68,25.92,CUST113
ORD0429,08/03/2025,Headphones,Electronics,Glasgow,1,39.86,27.27,39.86,12.59,CUST175
ORD0430,14/03/2025,Toaster,Home,London,1,23.29,16.57,23.29,6.72,CUST57
ORD0431,28/10/2025,Action Figure,Toys,London,3,73.41,51.29,220.23,66.36,CUST52
ORD0432,12/08/2025,Jacket,Fashion,Birmingham,2,97.83,70.41,195.66,54.84,CUST250
ORD0433,29/10/2025,Jeans,Fashion,Bristol,5,80.83,45.83,404.15,175,CUST90
ORD0434,26/12/2025,Tennis Racket,Sports,Birmingham,2,25.99,13.01,51.98,25.96,CUST294
ORD0435,10/11/2025,Running Shoes,Sports,London,2,64.21,49.85,128.42,28.72,CUST114
ORD0436,27/06/2025,LEGO Set,Toys,Glasgow,2,39.81,20.83,79.62,37.96,CUST164
ORD0437,21/12/2025,Coffee Maker,Home,Birmingham,4,11.03,6.21,44.12,19.28,CUST35
ORD0438,03/08/2025,Jacket,Fashion,London,1,14.33,9.05,14.33,5.28,CUST86
ORD0439,03/09/2025,Football,Sports,Glasgow,3,59.14,31.37,177.42,83.31,CUST296
ORD0440,11/01/2025,Blender,Home,Glasgow,1,81.93,41.79,81.93,40.14,CUST164
ORD0441,08/02/2025,T-Shirt,Fashion,London,3,25.31,15.51,75.93,29.4,CUST281
ORD0442,09/08/2025,USB Hub,Electronics,Bristol,5,90.39,64.3,451.95,130.45,CUST85
ORD0443,08/04/2025,Board Game,Toys,Manchester,1,19.11,10.73,19.11,8.38,CUST210
ORD0444,21/07/2025,Doll,Toys,Birmingham,3,36.77,19.44,110.31,51.99,CUST293
ORD0445,31/05/2025,Board Game,Toys,Manchester,1,42.47,26.68,42.47,15.79,CUST246
ORD0446,11/02/2025,Coffee Maker,Home,London,2,25.37,14.91,50.74,20.92,CUST243
ORD0447,16/02/2025,USB Hub,Electronics,Glasgow,4,54.02,37.72,216.08,65.2,CUST279
ORD0448,15/05/2025,Dumbbells,Sports,Birmingham,4,43.25,27.41,173,63.36,CUST226
ORD0449,23/12/2025,Tennis Racket,Sports,Manchester,3,60.78,33.15,182.34,82.89,CUST50
ORD0450,11/10/2025,USB Hub,Electronics,Bristol,4,97.36,65.9,389.44,125.84,CUST32
ORD0451,21/10/2025,Running Shoes,Sports,Glasgow,5,71.84,56.1,359.2,78.7,CUST121
ORD0452,15/09/2025,Tennis Racket,Sports,London,4,91.25,65.18,365,104.28,CUST293
ORD0453,30/03/2025,Doll,Toys,Bristol,2,20.83,15.15,41.66,11.36,CUST86
ORD0454,11/08/2025,Blender,Home,Manchester,1,48.1,38.31,48.1,9.79,CUST104
ORD0455,04/02/2025,Air Fryer,Home,Birmingham,3,91.97,71.21,275.91,62.28,CUST45
ORD0456,23/08/2025,Running Shoes,Sports,Glasgow,5,39.35,22.94,196.75,82.05,CUST7
ORD0457,18/10/2025,Doll,Toys,Bristol,4,20.13,10.97,80.52,36.64,CUST299
ORD0458,26/06/2025,Wireless Mouse,Electronics,Bristol,1,80.72,61.37,80.72,19.35,CUST211
ORD0459,22/05/2025,Sneakers,Fashion,Glasgow,5,64.81,33.13,324.05,158.4,CUST207
ORD0460,19/06/2025,Air Fryer,Home,Bristol,4,13.49,10.35,53.96,12.56,CUST122
ORD0461,05/06/2025,Laptop Stand,Electronics,Birmingham,3,11.82,8.81,35.46,9.03,CUST160
ORD0462,15/08/2025,Sneakers,Fashion,London,2,22.09,17.5,44.18,9.18,CUST165
ORD0463,28/07/2025,Sneakers,Fashion,Bristol,1,26.91,15.16,26.91,11.75,CUST249
ORD0464,30/12/2025,Action Figure,Toys,London,5,81.23,42.21,406.15,195.1,CUST260
ORD0465,13/04/2025,Dumbbells,Sports,Bristol,5,12.61,7.03,63.05,27.9,CUST30
ORD0466,21/05/2025,Coffee Maker,Home,Glasgow,1,92.62,65.89,92.62,26.73,CUST189
ORD0467,08/09/2025,Running Shoes,Sports,Glasgow,1,71.31,40.83,71.31,30.48,CUST229
ORD0468,13/05/2025,Vacuum Cleaner,Home,Bristol,5,41.48,22.77,207.4,93.55,CUST47
ORD0469,20/04/2025,T-Shirt,Fashion,Glasgow,1,24.66,16.56,24.66,8.1,CUST114
ORD0470,16/12/2025,Blender,Home,Birmingham,4,56.2,42.68,224.8,54.08,CUST5
ORD0471,08/11/2025,Dumbbells,Sports,Manchester,5,82.08,46.55,410.4,177.65,CUST157
ORD0472,04/06/2025,Sneakers,Fashion,Glasgow,3,51.31,29.01,153.93,66.9,CUST267
ORD0473,11/07/2025,Board Game,Toys,Bristol,1,10.66,8.53,10.66,2.13,CUST288
ORD0474,22/06/2025,Doll,Toys,Birmingham,3,71.6,46.15,214.8,76.35,CUST142
ORD0475,04/05/2025,Jacket,Fashion,Birmingham,3,26.95,17.66,80.85,27.87,CUST30
ORD0476,01/06/2025,Board Game,Toys,Birmingham,2,74.92,52.19,149.84,45.46,CUST133
ORD0477,08/04/2025,Football,Sports,Glasgow,1,62.47,49.88,62.47,12.59,CUST176
ORD0478,03/12/2025,Air Fryer,Home,Glasgow,3,55.66,41.95,166.98,41.13,CUST286
ORD0479,14/10/2025,Toaster,Home,London,4,21.51,12.42,86.04,36.36,CUST94
ORD0480,04/08/2025,T-Shirt,Fashion,Manchester,3,30.1,22.92,90.3,21.54,CUST170
ORD0481,28/01/2025,Jacket,Fashion,Bristol,3,51.74,27.7,155.22,72.12,CUST299
ORD0482,15/12/2025,Doll,Toys,London,4,90.05,58.55,360.2,126,CUST196
ORD0483,13/04/2025,Action Figure,Toys,Glasgow,1,88.38,48.19,88.38,40.19,CUST176
ORD0484,11/02/2025,Running Shoes,Sports,Glasgow,2,38.47,27.49,76.94,21.96,CUST250
ORD0485,28/03/2025,Jeans,Fashion,Birmingham,1,10.42,6.07,10.42,4.35,CUST296
ORD0486,26/07/2025,Vacuum Cleaner,Home,London,2,65.3,45.06,130.6,40.48,CUST220
ORD0487,08/01/2025,Football,Sports,London,1,58.04,41.74,58.04,16.3,CUST165
ORD0488,22/12/2025,Puzzle,Toys,London,1,66.4,38.16,66.4,28.24,CUST177
ORD0489,03/02/2025,Jeans,Fashion,London,4,55.3,32.73,221.2,90.28,CUST24
ORD0490,18/12/2025,Jacket,Fashion,Glasgow,5,63.67,38.29,318.35,126.9,CUST69
ORD0491,26/07/2025,Sneakers,Fashion,Birmingham,2,24.84,19.18,49.68,11.32,CUST10
ORD0492,28/03/2025,Blender,Home,Manchester,2,76.07,51.49,152.14,49.16,CUST64
ORD0493,01/11/2025,T-Shirt,Fashion,Glasgow,3,79.41,54.55,238.23,74.58,CUST25
ORD0494,08/10/2025,Wireless Mouse,Electronics,London,1,47.51,29.17,47.51,18.34,CUST130
ORD0495,06/12/2025,Dumbbells,Sports,Manchester,1,37.1,25.91,37.1,11.19,CUST267
ORD0496,19/09/2025,Hat,Fashion,Bristol,2,47.69,36.7,95.38,21.98,CUST61
ORD0497,15/05/2025,T-Shirt,Fashion,London,4,27.88,15.61,111.52,49.08,CUST268
ORD0498,17/04/2025,Toaster,Home,Glasgow,3,24.43,16.23,73.29,24.6,CUST247
ORD0499,21/10/2025,Jeans,Fashion,London,1,70.45,54.39,70.45,16.06,CUST253
ORD0500,12/05/2025,Coffee Maker,Home,Bristol,1,75.12,39.84,75.12,35.28,CUST119
ORD0501,21/01/2025,Tennis Racket,Sports,Birmingham,4,14.51,10.79,58.04,14.88,CUST149
ORD0502,24/01/2025,Jacket,Fashion,Glasgow,1,18.55,13.49,18.55,5.06,CUST5
ORD0503,18/05/2025,Blender,Home,Birmingham,3,90.51,71.19,271.53,57.96,CUST48
ORD0504,20/05/2025,Jacket,Fashion,Manchester,1,46.07,36.34,46.07,9.73,CUST198
ORD0505,23/03/2025,Football,Sports,Manchester,1,21.93,15.74,21.93,6.19,CUST54
ORD0506,14/07/2025,Running Shoes,Sports,Glasgow,5,71.06,39.39,355.3,158.35,CUST184
ORD0507,30/07/2025,LEGO Set,Toys,Manchester,4,92.84,49.57,371.36,173.08,CUST226
ORD0508,26/09/2025,Wireless Mouse,Electronics,Birmingham,3,11.11,8.45,33.33,7.98,CUST296
ORD0509,18/02/2025,Puzzle,Toys,Birmingham,5,57.08,40.54,285.4,82.7,CUST222
ORD0510,10/11/2025,Vacuum Cleaner,Home,Birmingham,4,23.38,17.49,93.52,23.56,CUST28
ORD0511,08/02/2025,Keyboard,Electronics,Bristol,4,86.67,65.94,346.68,82.92,CUST252
ORD0512,26/11/2025,Jeans,Fashion,Birmingham,3,14.53,8.24,43.59,18.87,CUST194
ORD0513,15/02/2025,Dumbbells,Sports,London,4,49.98,33.58,199.92,65.6,CUST256
ORD0514,26/07/2025,Tennis Racket,Sports,London,4,77.07,38.95,308.28,152.48,CUST212
ORD0515,13/11/2025,Headphones,Electronics,Bristol,1,84.33,62.2,84.33,22.13,CUST156
ORD0516,28/01/2025,Doll,Toys,Manchester,4,95.53,58.18,382.12,149.4,CUST115
ORD0517,06/07/2025,Tennis Racket,Sports,Bristol,5,64,45.76,320,91.2,CUST232
ORD0518,30/05/2025,Wireless Mouse,Electronics,Manchester,1,40.72,30.5,40.72,10.22,CUST281
ORD0519,29/07/2025,Action Figure,Toys,London,1,90.72,58.76,90.72,31.96,CUST55
ORD0520,21/04/2025,Hat,Fashion,Manchester,2,20.87,15.77,41.74,10.2,CUST235
ORD0521,11/12/2025,Toaster,Home,London,4,14.19,9.79,56.76,17.6,CUST64
ORD0522,29/09/2025,Football,Sports,Bristol,5,22.12,14.37,110.6,38.75,CUST25
ORD0523,01/04/2025,Board Game,Toys,Bristol,4,93.19,68.43,372.76,99.04,CUST297
ORD0524,14/06/2025,Blender,Home,London,4,69.18,47.17,276.72,88.04,CUST259
ORD0525,31/05/2025,Football,Sports,Bristol,2,34.62,27.32,69.24,14.6,CUST232
ORD0526,03/06/2025,Blender,Home,Glasgow,5,73,52.89,365,100.55,CUST281
ORD0527,18/12/2025,Hat,Fashion,Manchester,2,28.87,20.62,57.74,16.5,CUST177
ORD0528,01/03/2025,Blender,Home,Bristol,5,72.49,43.26,362.45,146.15,CUST181
ORD0529,12/12/2025,Board Game,Toys,Bristol,5,94.84,67.62,474.2,136.1,CUST274
ORD0530,28/01/2025,Sneakers,Fashion,London,5,19.58,12.03,97.9,37.75,CUST29
ORD0531,01/02/2025,Toaster,Home,Manchester,3,71.51,38.9,214.53,97.83,CUST152
ORD0532,12/12/2025,Air Fryer,Home,London,3,83.26,44.19,249.78,117.21,CUST288
ORD0533,23/12/2025,Air Fryer,Home,Glasgow,2,55.98,41.37,111.96,29.22,CUST148
ORD0534,10/06/2025,Laptop Stand,Electronics,Glasgow,4,96.1,76.18,384.4,79.68,CUST283
ORD0535,15/08/2025,Wireless Mouse,Electronics,Birmingham,2,65.85,48.35,131.7,35,CUST116
ORD0536,10/04/2025,Hat,Fashion,Bristol,5,27.68,19.86,138.4,39.1,CUST151
ORD0537,03/03/2025,Dumbbells,Sports,London,2,96.62,69.62,193.24,54,CUST194
ORD0538,11/05/2025,Laptop Stand,Electronics,Birmingham,5,33.78,18.52,168.9,76.3,CUST3
ORD0539,27/01/2025,Sneakers,Fashion,Manchester,1,23.83,14.22,23.83,9.61,CUST155
ORD0540,27/09/2025,Running Shoes,Sports,Bristol,3,16.56,11.8,49.68,14.28,CUST113
ORD0541,26/07/2025,Air Fryer,Home,London,5,24.34,16.14,121.7,41,CUST48
ORD0542,13/11/2025,Jeans,Fashion,Manchester,3,39.8,23.41,119.4,49.17,CUST272
ORD0543,25/11/2025,Running Shoes,Sports,London,1,70.2,44.49,70.2,25.71,CUST125
ORD0544,25/05/2025,USB Hub,Electronics,Glasgow,1,44.73,29.61,44.73,15.12,CUST13
ORD0545,30/11/2025,Action Figure,Toys,Bristol,5,50.1,25.71,250.5,121.95,CUST99
ORD0546,03/10/2025,Hat,Fashion,London,1,25.07,19.73,25.07,5.34,CUST274
ORD0547,23/02/2025,Wireless Mouse,Electronics,Manchester,2,87.85,55.11,175.7,65.48,CUST106
ORD0548,20/01/2025,Board Game,Toys,London,2,12.14,8.68,24.28,6.92,CUST45
ORD0549,27/04/2025,Wireless Mouse,Electronics,Manchester,3,60.23,40.5,180.69,59.19,CUST133
ORD0550,11/12/2025,Football,Sports,Glasgow,4,48.97,24.73,195.88,96.96,CUST61
ORD0551,25/12/2025,LEGO Set,Toys,Bristol,1,78.04,52.73,78.04,25.31,CUST38
ORD0552,14/02/2025,Hat,Fashion,London,3,80.82,47.72,242.46,99.3,CUST145
ORD0553,11/03/2025,Football,Sports,Glasgow,1,52.66,34.76,52.66,17.9,CUST201
ORD0554,28/11/2025,Action Figure,Toys,Manchester,3,70.96,54.94,212.88,48.06,CUST192
ORD0555,02/11/2025,Headphones,Electronics,Bristol,2,21.09,10.58,42.18,21.02,CUST202
ORD0556,26/06/2025,Doll,Toys,London,3,28.9,20.88,86.7,24.06,CUST109
ORD0557,10/05/2025,Running Shoes,Sports,Manchester,2,26.56,18.2,53.12,16.72,CUST100
ORD0558,09/10/2025,Keyboard,Electronics,Bristol,1,86.62,67.54,86.62,19.08,CUST237
ORD0559,25/10/2025,LEGO Set,Toys,Birmingham,1,32.56,18.21,32.56,14.35,CUST250
ORD0560,10/04/2025,Jacket,Fashion,Manchester,2,19,13.03,38,11.94,CUST163
ORD0561,20/03/2025,Football,Sports,Birmingham,5,69.35,49.1,346.75,101.25,CUST290
ORD0562,24/04/2025,Action Figure,Toys,Birmingham,4,25.18,14.96,100.72,40.88,CUST224
ORD0563,03/07/2025,Jacket,Fashion,Manchester,3,89.01,56.86,267.03,96.45,CUST157
ORD0564,24/05/2025,Running Shoes,Sports,London,2,68.1,35.72,136.2,64.76,CUST72
ORD0565,17/09/2025,Puzzle,Toys,Birmingham,1,75.47,57.93,75.47,17.54,CUST16
ORD0566,14/05/2025,Doll,Toys,Glasgow,5,29.15,14.9,145.75,71.25,CUST279
ORD0567,29/10/2025,Board Game,Toys,Manchester,3,45.32,34.78,135.96,31.62,CUST149
ORD0568,06/01/2025,Vacuum Cleaner,Home,Bristol,5,18.15,11.06,90.75,35.45,CUST123
ORD0569,17/10/2025,Puzzle,Toys,Bristol,2,50.16,27.78,100.32,44.76,CUST75
ORD0570,16/05/2025,Tennis Racket,Sports,London,2,78.53,44.72,157.06,67.62,CUST190
ORD0571,29/08/2025,Coffee Maker,Home,Manchester,5,91.7,55.79,458.5,179.55,CUST233
ORD0572,21/05/2025,Wireless Mouse,Electronics,Birmingham,1,73.34,48.14,73.34,25.2,CUST135
ORD0573,28/10/2025,Doll,Toys,Bristol,2,43.9,26.94,87.8,33.92,CUST40
ORD0574,26/06/2025,Action Figure,Toys,Glasgow,2,56.47,34.21,112.94,44.52,CUST250
ORD0575,28/04/2025,Running Shoes,Sports,London,5,89.38,56.49,446.9,164.45,CUST40
ORD0576,02/03/2025,Action Figure,Toys,Manchester,2,26.82,16.32,53.64,21,CUST118
ORD0577,30/10/2025,Tennis Racket,Sports,London,4,70.77,45.56,283.08,100.84,CUST83
ORD0578,10/03/2025,Yoga Mat,Sports,Manchester,1,21.51,14.58,21.51,6.93,CUST263
ORD0579,22/09/2025,Headphones,Electronics,Manchester,1,24.97,19.4,24.97,5.57,CUST208
ORD0580,07/11/2025,Doll,Toys,London,3,95.25,53.81,285.75,124.32,CUST242
ORD0581,04/04/2025,Dumbbells,Sports,Manchester,4,64.08,47.32,256.32,67.04,CUST262
ORD0582,13/07/2025,Jeans,Fashion,Birmingham,4,63.69,33.16,254.76,122.12,CUST198
ORD0583,17/12/2025,Coffee Maker,Home,London,2,57.04,44.08,114.08,25.92,CUST215
ORD0584,20/01/2025,Air Fryer,Home,London,2,52.83,36.16,105.66,33.34,CUST273
ORD0585,04/10/2025,LEGO Set,Toys,London,4,69.35,53.44,277.4,63.64,CUST1
ORD0586,08/08/2025,Running Shoes,Sports,Glasgow,3,88.73,62.94,266.19,77.37,CUST118
ORD0587,23/12/2025,Football,Sports,Birmingham,5,82.42,63.66,412.1,93.8,CUST295
ORD0588,12/02/2025,Laptop Stand,Electronics,Manchester,3,52.94,30.16,158.82,68.34,CUST146
ORD0589,04/01/2025,Doll,Toys,Glasgow,3,27.01,19.25,81.03,23.28,CUST296
ORD0590,11/06/2025,LEGO Set,Toys,Bristol,1,43.75,24.57,43.75,19.18,CUST210
ORD0591,02/10/2025,T-Shirt,Fashion,Manchester,4,68.64,39.54,274.56,116.4,CUST217
ORD0592,15/04/2025,Action Figure,Toys,Bristol,3,99.26,61.47,297.78,113.37,CUST212
ORD0593,10/05/2025,Doll,Toys,Glasgow,2,43.32,28.87,86.64,28.9,CUST158
ORD0594,28/04/2025,Action Figure,Toys,Glasgow,2,86.95,60.67,173.9,52.56,CUST229
ORD0595,09/10/2025,Coffee Maker,Home,Manchester,5,46.05,27.7,230.25,91.75,CUST27
ORD0596,04/11/2025,Vacuum Cleaner,Home,London,1,84.09,53.94,84.09,30.15,CUST223
ORD0597,16/07/2025,Wireless Mouse,Electronics,Birmingham,2,43.38,29.62,86.76,27.52,CUST206
ORD0598,31/03/2025,Doll,Toys,Birmingham,5,15.17,11.11,75.85,20.3,CUST254
ORD0599,03/11/2025,Yoga Mat,Sports,Manchester,5,35.74,18.23,178.7,87.55,CUST262
ORD0600,02/12/2025,Puzzle,Toys,Bristol,2,70.66,42.96,141.32,55.4,CUST1
ORD0601,28/10/2025,Coffee Maker,Home,Birmingham,4,41.78,25.84,167.12,63.76,CUST103
ORD0602,14/10/2025,LEGO Set,Toys,London,1,59.46,42.68,59.46,16.78,CUST299
ORD0603,26/07/2025,Jacket,Fashion,Birmingham,2,64.57,36.05,129.14,57.04,CUST295
ORD0604,15/09/2025,USB Hub,Electronics,Manchester,4,55.56,37.09,222.24,73.88,CUST151
ORD0605,22/10/2025,T-Shirt,Fashion,Bristol,3,88.85,66.1,266.55,68.25,CUST129
ORD0606,23/08/2025,Football,Sports,Bristol,4,79.3,57.67,317.2,86.52,CUST236
ORD0607,23/04/2025,LEGO Set,Toys,Glasgow,1,33.2,20.41,33.2,12.79,CUST118
ORD0608,15/05/2025,Sneakers,Fashion,Birmingham,5,58.21,41.34,291.05,84.35,CUST128
ORD0609,01/09/2025,T-Shirt,Fashion,Glasgow,3,16.84,13.13,50.52,11.13,CUST161
ORD0610,08/04/2025,Jeans,Fashion,Bristol,3,26.45,19.15,79.35,21.9,CUST256
ORD0611,08/05/2025,Blender,Home,Manchester,3,28.61,16.05,85.83,37.68,CUST183
ORD0612,11/11/2025,Coffee Maker,Home,London,1,70.82,49.51,70.82,21.31,CUST4
ORD0613,22/10/2025,LEGO Set,Toys,Glasgow,3,65.86,42.66,197.58,69.6,CUST141
ORD0614,07/03/2025,Dumbbells,Sports,Bristol,3,45.81,33.21,137.43,37.8,CUST28
ORD0615,18/12/2025,Board Game,Toys,Glasgow,5,12.93,7.81,64.65,25.6,CUST90
ORD0616,12/12/2025,Yoga Mat,Sports,Bristol,4,38.41,19.3,153.64,76.44,CUST108
ORD0617,06/04/2025,Running Shoes,Sports,London,3,42.54,32.27,127.62,30.81,CUST281
ORD0618,05/04/2025,Jeans,Fashion,Birmingham,4,96.27,58.04,385.08,152.92,CUST256
ORD0619,19/08/2025,Dumbbells,Sports,Glasgow,3,42.86,26.58,128.58,48.84,CUST93
ORD0620,01/05/2025,Puzzle,Toys,Bristol,2,83.28,59.65,166.56,47.26,CUST285
ORD0621,31/08/2025,Football,Sports,Manchester,2,82,59.17,164,45.66,CUST5
ORD0622,22/09/2025,Vacuum Cleaner,Home,Glasgow,2,99.6,75.18,199.2,48.84,CUST274
ORD0623,23/07/2025,Sneakers,Fashion,Birmingham,3,60.59,40.62,181.77,59.91,CUST51
ORD0624,19/08/2025,Coffee Maker,Home,Manchester,3,52.89,36.44,158.67,49.35,CUST172
ORD0625,26/06/2025,Jacket,Fashion,Birmingham,5,60.17,44.71,300.85,77.3,CUST11
ORD0626,29/11/2025,Yoga Mat,Sports,Birmingham,5,27.91,18.78,139.55,45.65,CUST276
ORD0627,17/08/2025,Toaster,Home,Birmingham,3,70.59,45.62,211.77,74.91,CUST41
ORD0628,27/03/2025,Running Shoes,Sports,Birmingham,4,66.85,36.33,267.4,122.08,CUST173
ORD0629,24/03/2025,Running Shoes,Sports,Bristol,4,86.4,45.05,345.6,165.4,CUST176
ORD0630,22/07/2025,Toaster,Home,Birmingham,3,73.94,50.4,221.82,70.62,CUST139
ORD0631,05/04/2025,Tennis Racket,Sports,Bristol,5,96.9,60.48,484.5,182.1,CUST12
ORD0632,18/02/2025,Blender,Home,Birmingham,1,28.95,17.92,28.95,11.03,CUST33
ORD0633,12/02/2025,Running Shoes,Sports,London,1,79.38,52.17,79.38,27.21,CUST54
ORD0634,08/06/2025,Hat,Fashion,Manchester,1,68.93,52.78,68.93,16.15,CUST118
ORD0635,15/01/2025,Toaster,Home,Glasgow,2,21.81,16.39,43.62,10.84,CUST18
ORD0636,20/05/2025,Jacket,Fashion,Glasgow,4,97.75,64.73,391,132.08,CUST281
ORD0637,22/11/2025,Dumbbells,Sports,Bristol,2,63.17,40.24,126.34,45.86,CUST289
ORD0638,27/04/2025,Running Shoes,Sports,Bristol,3,91.8,59.16,275.4,97.92,CUST46
ORD0639,01/01/2025,Tennis Racket,Sports,Birmingham,4,33.38,19.73,133.52,54.6,CUST268
ORD0640,09/09/2025,Toaster,Home,Birmingham,4,58.16,41.08,232.64,68.32,CUST245
ORD0641,08/10/2025,T-Shirt,Fashion,Glasgow,3,63.73,47.1,191.19,49.89,CUST192
ORD0642,27/11/2025,Vacuum Cleaner,Home,Bristol,4,45.53,25,182.12,82.12,CUST200
ORD0643,10/11/2025,Dumbbells,Sports,Birmingham,1,48,27.45,48,20.55,CUST140
ORD0644,11/03/2025,Hat,Fashion,Birmingham,4,26.92,14.01,107.68,51.64,CUST149
ORD0645,07/04/2025,Laptop Stand,Electronics,Bristol,4,34.49,23.69,137.96,43.2,CUST165
ORD0646,25/05/2025,Keyboard,Electronics,London,5,11.99,9.49,59.95,12.5,CUST138
ORD0647,22/04/2025,Vacuum Cleaner,Home,London,2,18.12,9.14,36.24,17.96,CUST176
ORD0648,19/06/2025,Tennis Racket,Sports,Glasgow,3,51.73,38.15,155.19,40.74,CUST42
ORD0649,09/04/2025,Coffee Maker,Home,Birmingham,4,16.42,10.53,65.68,23.56,CUST129
ORD0650,07/05/2025,Yoga Mat,Sports,London,2,44.63,35.37,89.26,18.52,CUST18
ORD0651,19/07/2025,Vacuum Cleaner,Home,London,5,69.94,39.34,349.7,153,CUST160
ORD0652,23/11/2025,Jeans,Fashion,London,5,56.88,32.76,284.4,120.6,CUST153
ORD0653,11/08/2025,Toaster,Home,London,2,97.59,55.7,195.18,83.78,CUST167
ORD0654,05/01/2025,Keyboard,Electronics,Birmingham,5,20.77,15.3,103.85,27.35,CUST22
ORD0655,22/03/2025,Board Game,Toys,Bristol,2,43.43,22.88,86.86,41.1,CUST256
ORD0656,26/12/2025,Headphones,Electronics,Birmingham,1,15.38,10.66,15.38,4.72,CUST275
ORD0657,27/11/2025,Keyboard,Electronics,Glasgow,2,38.51,25.71,77.02,25.6,CUST178
ORD0658,21/01/2025,Dumbbells,Sports,London,4,42.24,22.83,168.96,77.64,CUST249
ORD0659,06/04/2025,Running Shoes,Sports,Birmingham,5,72.73,40.51,363.65,161.1,CUST279
ORD0660,11/10/2025,Jacket,Fashion,Glasgow,3,88.09,59.87,264.27,84.66,CUST83
ORD0661,07/07/2025,Headphones,Electronics,Manchester,4,36.61,21.2,146.44,61.64,CUST233
ORD0662,06/07/2025,Headphones,Electronics,Glasgow,2,89.46,61.36,178.92,56.2,CUST123
ORD0663,10/10/2025,T-Shirt,Fashion,Bristol,4,27.09,19.1,108.36,31.96,CUST79
ORD0664,25/09/2025,Action Figure,Toys,Birmingham,4,67.68,36.08,270.72,126.4,CUST35
ORD0665,20/02/2025,Keyboard,Electronics,Manchester,1,28.19,18.2,28.19,9.99,CUST17
ORD0666,26/01/2025,Board Game,Toys,Glasgow,5,66.16,44.8,330.8,106.8,CUST188
ORD0667,09/09/2025,Air Fryer,Home,London,1,93.72,52.73,93.72,40.99,CUST41
ORD0668,08/07/2025,Yoga Mat,Sports,Birmingham,5,76.91,59,384.55,89.55,CUST30
ORD0669,09/02/2025,Action Figure,Toys,Bristol,1,76.09,57.09,76.09,19,CUST111
ORD0670,27/09/2025,LEGO Set,Toys,London,2,57.85,32.21,115.7,51.28,CUST128
ORD0671,23/11/2025,Puzzle,Toys,Bristol,5,47.37,25.18,236.85,110.95,CUST296
ORD0672,25/07/2025,Sneakers,Fashion,Glasgow,1,25.01,13.86,25.01,11.15,CUST259
ORD0673,11/06/2025,Jeans,Fashion,Bristol,5,49.87,30.21,249.35,98.3,CUST282
ORD0674,04/05/2025,Jacket,Fashion,Glasgow,4,84.35,50.36,337.4,135.96,CUST289
ORD0675,20/08/2025,Puzzle,Toys,Glasgow,5,93.35,53.79,466.75,197.8,CUST230
ORD0676,04/06/2025,Yoga Mat,Sports,London,3,63.62,41.69,190.86,65.79,CUST4
ORD0677,20/12/2025,Jeans,Fashion,Manchester,3,11.95,8.92,35.85,9.09,CUST142
ORD0678,20/01/2025,Doll,Toys,Bristol,5,93.33,51,466.65,211.65,CUST236
ORD0679,30/04/2025,Jeans,Fashion,Manchester,3,43.04,29.04,129.12,42,CUST132
ORD0680,09/02/2025,T-Shirt,Fashion,Bristol,4,61.22,34.6,244.88,106.48,CUST167
ORD0681,25/11/2025,Dumbbells,Sports,Glasgow,5,83.76,44.28,418.8,197.4,CUST154
ORD0682,21/06/2025,Headphones,Electronics,Glasgow,1,80.21,62.29,80.21,17.92,CUST179
ORD0683,06/01/2025,Football,Sports,London,2,77.29,58.34,154.58,37.9,CUST196
ORD0684,17/06/2025,USB Hub,Electronics,Bristol,1,38.74,25.94,38.74,12.8,CUST258
ORD0685,22/10/2025,Blender,Home,London,4,97.39,70.69,389.56,106.8,CUST259
ORD0686,22/06/2025,Keyboard,Electronics,Glasgow,3,80.77,43.97,242.31,110.4,CUST43
ORD0687,14/09/2025,Running Shoes,Sports,London,5,45.93,24.14,229.65,108.95,CUST223
ORD0688,20/10/2025,Blender,Home,Glasgow,5,27.83,17.22,139.15,53.05,CUST101
ORD0689,09/08/2025,Doll,Toys,Bristol,2,31.81,18.45,63.62,26.72,CUST166
ORD0690,14/06/2025,LEGO Set,Toys,London,4,48.12,29.09,192.48,76.12,CUST177
ORD0691,15/08/2025,LEGO Set,Toys,Birmingham,2,98.89,67.73,197.78,62.32,CUST75
ORD0692,13/02/2025,Yoga Mat,Sports,Manchester,2,71.68,39.19,143.36,64.98,CUST58
ORD0693,08/01/2025,Keyboard,Electronics,Bristol,2,88.19,65.79,176.38,44.8,CUST176
ORD0694,03/10/2025,USB Hub,Electronics,Glasgow,4,12.05,6.78,48.2,21.08,CUST109
ORD0695,14/03/2025,Air Fryer,Home,Bristol,3,59.39,40.8,178.17,55.77,CUST10
ORD0696,13/04/2025,Running Shoes,Sports,Bristol,1,32.99,17.09,32.99,15.9,CUST139
ORD0697,04/12/2025,Laptop Stand,Electronics,London,1,44.98,26.15,44.98,18.83,CUST185
ORD0698,30/12/2025,Wireless Mouse,Electronics,Birmingham,4,30.81,18.92,123.24,47.56,CUST51
ORD0699,23/08/2025,Sneakers,Fashion,Bristol,5,17.92,10.03,89.6,39.45,CUST288
ORD0700,22/03/2025,Wireless Mouse,Electronics,Manchester,5,37.44,24.22,187.2,66.1,CUST10
ORD0701,14/09/2025,Jacket,Fashion,Birmingham,3,31.26,24.8,93.78,19.38,CUST142
ORD0702,26/04/2025,USB Hub,Electronics,Glasgow,1,94.97,74.53,94.97,20.44,CUST78
ORD0703,14/12/2025,Sneakers,Fashion,Manchester,1,75.69,49.67,75.69,26.02,CUST117
ORD0704,06/11/2025,Dumbbells,Sports,Bristol,2,48.38,28.72,96.76,39.32,CUST169
ORD0705,17/12/2025,Running Shoes,Sports,Manchester,2,68.72,46.34,137.44,44.76,CUST104
ORD0706,16/03/2025,Toaster,Home,Bristol,2,48.71,37.64,97.42,22.14,CUST290
ORD0707,05/04/2025,Toaster,Home,London,5,57.97,41.5,289.85,82.35,CUST163
ORD0708,23/11/2025,Coffee Maker,Home,Birmingham,4,96.51,57.04,386.04,157.88,CUST141
ORD0709,10/11/2025,Blender,Home,London,2,26.63,19.41,53.26,14.44,CUST137
ORD0710,14/01/2025,Doll,Toys,Bristol,2,63.67,36.25,127.34,54.84,CUST184
ORD0711,29/11/2025,Laptop Stand,Electronics,Manchester,5,86.15,55.19,430.75,154.8,CUST192
ORD0712,17/01/2025,Vacuum Cleaner,Home,Glasgow,4,22.38,12.49,89.52,39.56,CUST210
ORD0713,15/04/2025,USB Hub,Electronics,Glasgow,2,76.81,61.18,153.62,31.26,CUST34
ORD0714,07/05/2025,Vacuum Cleaner,Home,Bristol,4,71.91,54.65,287.64,69.04,CUST219
ORD0715,20/10/2025,Yoga Mat,Sports,Bristol,4,74.82,46.26,299.28,114.24,CUST275
ORD0716,22/01/2025,LEGO Set,Toys,Bristol,1,50.64,37.88,50.64,12.76,CUST126
ORD0717,19/11/2025,Doll,Toys,Glasgow,1,60.19,39.41,60.19,20.78,CUST26
ORD0718,27/05/2025,Toaster,Home,Glasgow,4,89.6,65.6,358.4,96,CUST237
ORD0719,14/03/2025,Vacuum Cleaner,Home,Birmingham,5,92.71,65.54,463.55,135.85,CUST238
ORD0720,23/12/2025,Yoga Mat,Sports,Bristol,1,26.18,17.69,26.18,8.49,CUST280
ORD0721,30/10/2025,Vacuum Cleaner,Home,Glasgow,3,50.58,28,151.74,67.74,CUST104
ORD0722,25/03/2025,Yoga Mat,Sports,Birmingham,3,72.25,55.79,216.75,49.38,CUST64
ORD0723,19/09/2025,Wireless Mouse,Electronics,Glasgow,3,17.68,12.59,53.04,15.27,CUST82
ORD0724,17/10/2025,Running Shoes,Sports,Glasgow,1,79.14,61.23,79.14,17.91,CUST77
ORD0725,17/08/2025,Blender,Home,Manchester,1,47.76,28.31,47.76,19.45,CUST148
ORD0726,07/01/2025,Coffee Maker,Home,Manchester,2,10.32,7.53,20.64,5.58,CUST235
ORD0727,22/04/2025,Football,Sports,Bristol,1,64.72,41.94,64.72,22.78,CUST244
ORD0728,08/10/2025,Football,Sports,Glasgow,1,64.11,32.18,64.11,31.93,CUST143
ORD0729,28/06/2025,Doll,Toys,Manchester,1,26.64,13.76,26.64,12.88,CUST19
ORD0730,26/01/2025,Coffee Maker,Home,Bristol,5,36.86,28.61,184.3,41.25,CUST56
ORD0731,01/11/2025,Dumbbells,Sports,Manchester,3,65,45.98,195,57.06,CUST294
ORD0732,03/06/2025,Puzzle,Toys,Glasgow,5,42.42,21.67,212.1,103.75,CUST166
ORD0733,30/08/2025,Sneakers,Fashion,London,4,85.9,44.62,343.6,165.12,CUST69
ORD0734,18/04/2025,USB Hub,Electronics,Birmingham,5,47.24,26.59,236.2,103.25,CUST30
ORD0735,28/12/2025,Headphones,Electronics,Bristol,1,53.53,37.82,53.53,15.71,CUST148
ORD0736,01/07/2025,Running Shoes,Sports,Birmingham,3,57.29,45.75,171.87,34.62,CUST67
ORD0737,03/04/2025,Doll,Toys,Glasgow,5,75.63,49.11,378.15,132.6,CUST120
ORD0738,02/03/2025,Jeans,Fashion,London,1,12.16,8.36,12.16,3.8,CUST107
ORD0739,23/11/2025,Board Game,Toys,Glasgow,1,40.04,26.75,40.04,13.29,CUST109
ORD0740,17/09/2025,Keyboard,Electronics,Birmingham,3,81.12,48.05,243.36,99.21,CUST282
ORD0741,12/11/2025,T-Shirt,Fashion,London,3,40.72,29.21,122.16,34.53,CUST15
ORD0742,31/08/2025,Blender,Home,Birmingham,3,93.01,59.87,279.03,99.42,CUST19
ORD0743,21/06/2025,Vacuum Cleaner,Home,Manchester,4,90.29,59.69,361.16,122.4,CUST237
ORD0744,12/10/2025,Yoga Mat,Sports,Bristol,3,60.84,42.8,182.52,54.12,CUST275
ORD0745,01/07/2025,Keyboard,Electronics,Bristol,3,81.96,62.81,245.88,57.45,CUST34
ORD0746,26/03/2025,Toaster,Home,London,3,98.53,67.78,295.59,92.25,CUST293
ORD0747,07/06/2025,Board Game,Toys,Manchester,5,20.52,15.08,102.6,27.2,CUST162
ORD0748,20/08/2025,USB Hub,Electronics,Glasgow,1,54.73,31.27,54.73,23.46,CUST155
ORD0749,14/04/2025,Air Fryer,Home,Birmingham,2,20.1,14.78,40.2,10.64,CUST48
ORD0750,24/06/2025,Running Shoes,Sports,London,4,91.45,49.95,365.8,166,CUST248
ORD0751,22/09/2025,Action Figure,Toys,Birmingham,2,79.25,41.96,158.5,74.58,CUST68
ORD0752,03/01/2025,Coffee Maker,Home,Glasgow,4,74.23,48.75,296.92,101.92,CUST160
ORD0753,24/09/2025,Headphones,Electronics,London,3,52.02,26.73,156.06,75.87,CUST160
ORD0754,22/05/2025,Headphones,Electronics,Birmingham,2,38.88,21.69,77.76,34.38,CUST273
ORD0755,08/01/2025,Sneakers,Fashion,London,3,23.44,13.64,70.32,29.4,CUST287
ORD0756,14/03/2025,LEGO Set,Toys,Manchester,5,41.53,24.73,207.65,84,CUST146
ORD0757,04/10/2025,Puzzle,Toys,Manchester,1,38.02,29.19,38.02,8.83,CUST228
ORD0758,16/07/2025,Keyboard,Electronics,London,4,91.3,47.03,365.2,177.08,CUST28
ORD0759,19/11/2025,Laptop Stand,Electronics,Glasgow,2,73.42,56.34,146.84,34.16,CUST229
ORD0760,10/12/2025,Action Figure,Toys,Birmingham,3,83.57,59.66,250.71,71.73,CUST274
ORD0761,24/12/2025,Laptop Stand,Electronics,Bristol,2,18.36,13.6,36.72,9.52,CUST240
ORD0762,15/03/2025,Laptop Stand,Electronics,Birmingham,4,52.35,41.05,209.4,45.2,CUST133
ORD0763,21/08/2025,Sneakers,Fashion,Manchester,3,80.99,61.93,242.97,57.18,CUST250
ORD0764,29/03/2025,Wireless Mouse,Electronics,Glasgow,1,41.63,26.58,41.63,15.05,CUST145
ORD0765,24/02/2025,Hat,Fashion,Bristol,2,55.72,34.64,111.44,42.16,CUST167
ORD0766,03/05/2025,LEGO Set,Toys,Birmingham,5,51.49,34.87,257.45,83.1,CUST125
ORD0767,22/12/2025,Puzzle,Toys,Glasgow,4,15.95,8.97,63.8,27.92,CUST221
ORD0768,09/12/2025,Running Shoes,Sports,Birmingham,5,72.47,40,362.35,162.35,CUST40
ORD0769,19/02/2025,Board Game,Toys,London,5,63.65,38.04,318.25,128.05,CUST228
ORD0770,02/11/2025,Toaster,Home,Glasgow,1,63.84,45.05,63.84,18.79,CUST195
ORD0771,25/10/2025,Sneakers,Fashion,London,1,29.59,16.03,29.59,13.56,CUST1
ORD0772,17/08/2025,Blender,Home,Glasgow,5,36.24,24.81,181.2,57.15,CUST101
ORD0773,11/08/2025,Toaster,Home,Birmingham,5,81.49,57.36,407.45,120.65,CUST177
ORD0774,07/03/2025,Headphones,Electronics,London,5,98.78,61.37,493.9,187.05,CUST151
ORD0775,03/07/2025,USB Hub,Electronics,Bristol,1,10.08,6.73,10.08,3.35,CUST57
ORD0776,12/06/2025,T-Shirt,Fashion,Manchester,4,73.2,45.26,292.8,111.76,CUST196
ORD0777,13/03/2025,Football,Sports,Glasgow,5,29.01,16.01,145.05,65,CUST97
ORD0778,10/12/2025,Board Game,Toys,Birmingham,4,23.88,19.09,95.52,19.16,CUST65
ORD0779,03/12/2025,Coffee Maker,Home,London,1,22.96,17.58,22.96,5.38,CUST224
ORD0780,23/12/2025,Coffee Maker,Home,Manchester,4,87.41,67.14,349.64,81.08,CUST218
ORD0781,16/07/2025,Puzzle,Toys,Glasgow,5,48.17,35.94,240.85,61.15,CUST182
ORD0782,02/05/2025,Blender,Home,Glasgow,5,10.67,6.93,53.35,18.7,CUST257
ORD0783,18/10/2025,Sneakers,Fashion,Bristol,5,43.03,34.14,215.15,44.45,CUST248
ORD0784,27/09/2025,T-Shirt,Fashion,Bristol,4,96.56,50.6,386.24,183.84,CUST144
ORD0785,30/08/2025,Running Shoes,Sports,London,5,90.09,47.44,450.45,213.25,CUST40
ORD0786,06/01/2025,Doll,Toys,Birmingham,5,14.75,8.9,73.75,29.25,CUST241
ORD0787,31/05/2025,Running Shoes,Sports,Glasgow,5,76.04,47.62,380.2,142.1,CUST149
ORD0788,01/02/2025,Coffee Maker,Home,Bristol,3,75.43,50.47,226.29,74.88,CUST243
ORD0789,16/11/2025,Puzzle,Toys,Bristol,1,69.07,40.58,69.07,28.49,CUST14
ORD0790,23/05/2025,Sneakers,Fashion,London,2,55.5,41.93,111,27.14,CUST130
ORD0791,27/02/2025,Air Fryer,Home,Birmingham,3,87.21,43.98,261.63,129.69,CUST90
ORD0792,25/12/2025,Puzzle,Toys,Glasgow,3,82.71,47.84,248.13,104.61,CUST121
ORD0793,16/03/2025,Dumbbells,Sports,Bristol,1,40.86,21.46,40.86,19.4,CUST79
ORD0794,27/03/2025,Football,Sports,Glasgow,2,69.46,49.86,138.92,39.2,CUST108
ORD0795,27/03/2025,Action Figure,Toys,London,3,77.99,41.71,233.97,108.84,CUST238
ORD0796,30/09/2025,Football,Sports,Birmingham,4,77.15,55.99,308.6,84.64,CUST120
ORD0797,07/01/2025,Football,Sports,Glasgow,3,23.06,17.55,69.18,16.53,CUST148
ORD0798,30/09/2025,Football,Sports,Birmingham,5,71.46,36.61,357.3,174.25,CUST182
ORD0799,11/05/2025,Running Shoes,Sports,Birmingham,3,34.33,25.43,102.99,26.7,CUST300
ORD0800,13/12/2025,Football,Sports,Manchester,5,79.34,52.05,396.7,136.45,CUST93
ORD0801,20/02/2025,Hat,Fashion,London,1,84.85,42.73,84.85,42.12,CUST269
ORD0802,18/01/2025,Laptop Stand,Electronics,Birmingham,2,75.27,43.32,150.54,63.9,CUST13
ORD0803,03/11/2025,LEGO Set,Toys,London,5,69.09,51.86,345.45,86.15,CUST63
ORD0804,28/11/2025,Wireless Mouse,Electronics,Bristol,2,43.84,31.97,87.68,23.74,CUST290
ORD0805,08/02/2025,Coffee Maker,Home,Manchester,3,36.51,25.49,109.53,33.06,CUST233
ORD0806,01/02/2025,Sneakers,Fashion,Birmingham,3,24.58,12.84,73.74,35.22,CUST196
ORD0807,14/08/2025,Tennis Racket,Sports,London,3,96,55.62,288,121.14,CUST36
ORD0808,15/03/2025,Dumbbells,Sports,Bristol,4,26.06,16.88,104.24,36.72,CUST277
ORD0809,22/02/2025,Dumbbells,Sports,Bristol,1,92.13,65.84,92.13,26.29,CUST18
ORD0810,12/09/2025,Wireless Mouse,Electronics,Bristol,3,79.95,40.43,239.85,118.56,CUST77
ORD0811,20/07/2025,Wireless Mouse,Electronics,Glasgow,3,23.64,14.16,70.92,28.44,CUST295
ORD0812,05/02/2025,Headphones,Electronics,Glasgow,4,49.25,37.1,197,48.6,CUST277
ORD0813,03/07/2025,Coffee Maker,Home,Glasgow,4,20.91,13.81,83.64,28.4,CUST171
ORD0814,24/06/2025,Sneakers,Fashion,London,1,42.88,32.42,42.88,10.46,CUST42
ORD0815,05/12/2025,Tennis Racket,Sports,Manchester,2,59.9,47.34,119.8,25.12,CUST98
ORD0816,13/08/2025,Sneakers,Fashion,London,3,53.79,41.18,161.37,37.83,CUST98
ORD0817,08/09/2025,Coffee Maker,Home,Manchester,1,74.78,50.69,74.78,24.09,CUST200
ORD0818,19/08/2025,Headphones,Electronics,Birmingham,4,58.05,43.55,232.2,58,CUST9
ORD0819,02/03/2025,USB Hub,Electronics,London,3,80.9,41.49,242.7,118.23,CUST109
ORD0820,06/02/2025,Board Game,Toys,Bristol,2,76.69,43.71,153.38,65.96,CUST19
ORD0821,05/05/2025,Vacuum Cleaner,Home,London,4,91.65,62.83,366.6,115.28,CUST67
ORD0822,09/11/2025,Keyboard,Electronics,London,3,83.87,44.38,251.61,118.47,CUST88
ORD0823,23/04/2025,LEGO Set,Toys,London,1,54.74,40.49,54.74,14.25,CUST33
ORD0824,22/10/2025,Vacuum Cleaner,Home,Birmingham,4,39.18,31.06,156.72,32.48,CUST280
ORD0825,03/03/2025,Toaster,Home,Manchester,1,63.38,38.07,63.38,25.31,CUST141
ORD0826,25/10/2025,Vacuum Cleaner,Home,Manchester,3,59.81,37.78,179.43,66.09,CUST21
ORD0827,07/09/2025,Coffee Maker,Home,Bristol,4,79.99,40.37,319.96,158.48,CUST42
ORD0828,26/05/2025,Wireless Mouse,Electronics,Manchester,1,73.61,49.92,73.61,23.69,CUST214
ORD0829,30/07/2025,Dumbbells,Sports,Manchester,2,67.58,44.4,135.16,46.36,CUST123
ORD0830,15/02/2025,Air Fryer,Home,London,5,26.2,17.03,131,45.85,CUST155
ORD0831,29/09/2025,Sneakers,Fashion,London,5,31.21,16.71,156.05,72.5,CUST49
ORD0832,04/12/2025,Action Figure,Toys,Bristol,5,29.73,21.74,148.65,39.95,CUST107
ORD0833,31/08/2025,T-Shirt,Fashion,Manchester,1,81.7,57.65,81.7,24.05,CUST255
ORD0834,11/08/2025,Blender,Home,London,1,68.04,39.84,68.04,28.2,CUST129
ORD0835,03/10/2025,Hat,Fashion,Glasgow,1,19.4,10.01,19.4,9.39,CUST91
ORD0836,16/08/2025,Coffee Maker,Home,Glasgow,5,20.45,15.72,102.25,23.65,CUST297
ORD0837,27/04/2025,Sneakers,Fashion,Manchester,3,30.71,16.37,92.13,43.02,CUST51
ORD0838,27/10/2025,Vacuum Cleaner,Home,Manchester,4,90.22,47.1,360.88,172.48,CUST249
ORD0839,18/07/2025,Laptop Stand,Electronics,Manchester,2,93.51,59.52,187.02,67.98,CUST192
ORD0840,07/03/2025,Vacuum Cleaner,Home,Manchester,3,97.8,54.83,293.4,128.91,CUST17
ORD0841,03/08/2025,LEGO Set,Toys,Birmingham,2,20,12.79,40,14.42,CUST88
ORD0842,10/11/2025,Jeans,Fashion,Birmingham,5,24.11,17.8,120.55,31.55,CUST88
ORD0843,21/04/2025,Doll,Toys,Manchester,1,47.05,30.89,47.05,16.16,CUST243
ORD0844,17/06/2025,Tennis Racket,Sports,London,4,76.26,43.77,305.04,129.96,CUST223
ORD0845,02/08/2025,Puzzle,Toys,Bristol,2,92.24,70.98,184.48,42.52,CUST23
ORD0846,23/12/2025,Laptop Stand,Electronics,Bristol,1,48.31,29.87,48.31,18.44,CUST51
ORD0847,28/07/2025,Football,Sports,Manchester,1,60.26,30.35,60.26,29.91,CUST112
ORD0848,03/09/2025,Toaster,Home,Birmingham,2,68.29,36,136.58,64.58,CUST157
ORD0849,12/03/2025,Vacuum Cleaner,Home,Bristol,5,12.2,7.76,61,22.2,CUST208
ORD0850,20/12/2025,Toaster,Home,Glasgow,1,87.43,45.57,87.43,41.86,CUST171
ORD0851,10/11/2025,LEGO Set,Toys,Birmingham,4,77.76,55.16,311.04,90.4,CUST278
ORD0852,29/01/2025,Puzzle,Toys,London,5,89.28,64.35,446.4,124.65,CUST264
ORD0853,07/07/2025,T-Shirt,Fashion,London,4,42.9,29.42,171.6,53.92,CUST188
ORD0854,21/06/2025,Air Fryer,Home,London,5,73.84,41.45,369.2,161.95,CUST123
ORD0855,26/04/2025,LEGO Set,Toys,Glasgow,5,88.4,62.84,442,127.8,CUST165
ORD0856,26/06/2025,Jacket,Fashion,Bristol,4,34.94,18.13,139.76,67.24,CUST232
ORD0857,30/09/2025,Running Shoes,Sports,Bristol,1,52.31,34.5,52.31,17.81,CUST150
ORD0858,14/02/2025,Running Shoes,Sports,Birmingham,1,26.95,20.62,26.95,6.33,CUST42
ORD0859,23/12/2025,Dumbbells,Sports,Birmingham,1,19.84,11.56,19.84,8.28,CUST76
ORD0860,02/08/2025,Dumbbells,Sports,Manchester,5,95.69,48.5,478.45,235.95,CUST278
ORD0861,30/05/2025,Vacuum Cleaner,Home,Birmingham,4,49.95,34.64,199.8,61.24,CUST97
ORD0862,25/06/2025,Wireless Mouse,Electronics,Manchester,5,68.02,42.41,340.1,128.05,CUST168
ORD0863,09/03/2025,Running Shoes,Sports,Bristol,5,50.07,29.6,250.35,102.35,CUST157
ORD0864,25/01/2025,Toaster,Home,Manchester,4,43.47,25.49,173.88,71.92,CUST76
ORD0865,02/10/2025,Jacket,Fashion,Glasgow,2,65.68,36.01,131.36,59.34,CUST147
ORD0866,12/06/2025,Blender,Home,Manchester,2,31.41,16.09,62.82,30.64,CUST295
ORD0867,18/01/2025,Vacuum Cleaner,Home,Birmingham,3,26.6,17.79,79.8,26.43,CUST163
ORD0868,04/06/2025,Jeans,Fashion,Birmingham,4,58.59,32.15,234.36,105.76,CUST63
ORD0869,21/03/2025,Laptop Stand,Electronics,Glasgow,2,95.3,74.18,190.6,42.24,CUST3
ORD0870,21/10/2025,Doll,Toys,Birmingham,3,52.65,30.9,157.95,65.25,CUST76
ORD0871,13/03/2025,Board Game,Toys,Birmingham,1,75.85,58.41,75.85,17.44,CUST283
ORD0872,02/07/2025,USB Hub,Electronics,London,4,65.58,37.13,262.32,113.8,CUST48
ORD0873,23/05/2025,T-Shirt,Fashion,Bristol,2,62.51,35.42,125.02,54.18,CUST101
ORD0874,20/09/2025,Wireless Mouse,Electronics,Bristol,4,70.94,55.85,283.76,60.36,CUST202
ORD0875,08/12/2025,Vacuum Cleaner,Home,Birmingham,5,64.46,50.47,322.3,69.95,CUST185
ORD0876,26/06/2025,Dumbbells,Sports,Glasgow,3,44.75,22.54,134.25,66.63,CUST180
ORD0877,01/08/2025,Sneakers,Fashion,Bristol,1,29.41,22.54,29.41,6.87,CUST227
ORD0878,14/02/2025,Jeans,Fashion,Glasgow,4,22.56,15.25,90.24,29.24,CUST74
ORD0879,30/10/2025,Toaster,Home,Glasgow,5,98.8,51.36,494,237.2,CUST193
ORD0880,30/12/2025,Wireless Mouse,Electronics,Glasgow,3,47.31,31.54,141.93,47.31,CUST291
ORD0881,04/06/2025,Blender,Home,Manchester,4,36.05,23.33,144.2,50.88,CUST300
ORD0882,20/03/2025,Sneakers,Fashion,Bristol,4,30.21,22.28,120.84,31.72,CUST135
ORD0883,19/12/2025,Sneakers,Fashion,London,3,47.54,30.79,142.62,50.25,CUST126
ORD0884,05/07/2025,Wireless Mouse,Electronics,Birmingham,4,99.49,51.74,397.96,191,CUST298
ORD0885,22/12/2025,Running Shoes,Sports,Glasgow,3,66.52,42.76,199.56,71.28,CUST62
ORD0886,30/01/2025,Hat,Fashion,Bristol,1,86.08,47.25,86.08,38.83,CUST75
ORD0887,03/08/2025,Sneakers,Fashion,Manchester,3,24.7,14.37,74.1,30.99,CUST183
ORD0888,10/04/2025,USB Hub,Electronics,Birmingham,5,67.51,35.31,337.55,161,CUST94
ORD0889,17/12/2025,Headphones,Electronics,Manchester,5,39.03,23.22,195.15,79.05,CUST155
ORD0890,07/01/2025,Jacket,Fashion,London,5,62.2,46.46,311,78.7,CUST71
ORD0891,25/03/2025,Action Figure,Toys,Birmingham,4,47.08,36.55,188.32,42.12,CUST53
ORD0892,14/10/2025,Blender,Home,Bristol,2,84.84,62.66,169.68,44.36,CUST270
ORD0893,09/03/2025,Doll,Toys,London,4,51.44,26.9,205.76,98.16,CUST9
ORD0894,02/11/2025,Tennis Racket,Sports,Birmingham,3,22.51,14.24,67.53,24.81,CUST268
ORD0895,07/03/2025,Jeans,Fashion,Birmingham,1,77,41.24,77,35.76,CUST73
ORD0896,20/12/2025,Toaster,Home,Manchester,2,21.72,11.37,43.44,20.7,CUST58
ORD0897,04/12/2025,Wireless Mouse,Electronics,Glasgow,4,13.83,7.36,55.32,25.88,CUST263
ORD0898,04/06/2025,LEGO Set,Toys,Glasgow,1,91.77,47.08,91.77,44.69,CUST6
ORD0899,10/12/2025,Wireless Mouse,Electronics,Bristol,2,62.88,35.21,125.76,55.34,CUST180
ORD0900,24/03/2025,Wireless Mouse,Electronics,Manchester,3,95.39,57.65,286.17,113.22,CUST257
ORD0901,08/01/2025,Puzzle,Toys,Bristol,5,16.15,12.05,80.75,20.5,CUST271
ORD0902,20/02/2025,Blender,Home,Birmingham,2,91.15,60.26,182.3,61.78,CUST110
ORD0903,24/02/2025,Board Game,Toys,Birmingham,5,26.66,18.72,133.3,39.7,CUST93
ORD0904,10/06/2025,Sneakers,Fashion,Glasgow,2,56.28,35.02,112.56,42.52,CUST64
ORD0905,28/05/2025,Yoga Mat,Sports,Bristol,2,54.62,33.23,109.24,42.78,CUST286
ORD0906,04/11/2025,Wireless Mouse,Electronics,Birmingham,4,20.42,11.95,81.68,33.88,CUST160
ORD0907,07/04/2025,Dumbbells,Sports,Bristol,4,36.15,27.35,144.6,35.2,CUST36
ORD0908,23/02/2025,Tennis Racket,Sports,Manchester,1,99.89,64.68,99.89,35.21,CUST203
ORD0909,30/10/2025,Running Shoes,Sports,London,1,22.9,14.2,22.9,8.7,CUST53
ORD0910,26/07/2025,Coffee Maker,Home,Birmingham,2,40.48,27.47,80.96,26.02,CUST63
ORD0911,31/10/2025,Vacuum Cleaner,Home,Glasgow,3,78.83,57.53,236.49,63.9,CUST140
ORD0912,19/09/2025,Tennis Racket,Sports,Glasgow,5,95.51,76.05,477.55,97.3,CUST143
ORD0913,18/11/2025,Vacuum Cleaner,Home,London,1,32.56,21.14,32.56,11.42,CUST69
ORD0914,02/04/2025,Wireless Mouse,Electronics,London,1,54.83,27.85,54.83,26.98,CUST196
ORD0915,09/02/2025,Action Figure,Toys,Manchester,3,65.98,34.9,197.94,93.24,CUST267
ORD0916,14/05/2025,Football,Sports,Manchester,3,69.59,45.03,208.77,73.68,CUST278
ORD0917,09/08/2025,Hat,Fashion,Bristol,1,95.73,48.77,95.73,46.96,CUST61
ORD0918,01/04/2025,Football,Sports,Birmingham,4,49.83,25.45,199.32,97.52,CUST286
ORD0919,07/09/2025,Jeans,Fashion,Glasgow,4,22.1,15.8,88.4,25.2,CUST57
ORD0920,22/03/2025,Board Game,Toys,Bristol,5,61.5,39.53,307.5,109.85,CUST260
ORD0921,13/12/2025,Laptop Stand,Electronics,Birmingham,4,63.19,38.76,252.76,97.72,CUST181
ORD0922,07/07/2025,Jacket,Fashion,London,1,63.14,34,63.14,29.14,CUST179
ORD0923,02/07/2025,LEGO Set,Toys,Birmingham,4,18.76,11.32,75.04,29.76,CUST211
ORD0924,13/02/2025,T-Shirt,Fashion,Manchester,2,31.12,18.47,62.24,25.3,CUST34
ORD0925,24/08/2025,T-Shirt,Fashion,Birmingham,2,11.77,7.04,23.54,9.46,CUST217
ORD0926,12/01/2025,Doll,Toys,Glasgow,3,11.84,7.59,35.52,12.75,CUST163
ORD0927,21/02/2025,Running Shoes,Sports,Glasgow,3,61.53,45.69,184.59,47.52,CUST106
ORD0928,12/08/2025,Sneakers,Fashion,Bristol,3,25,14.75,75,30.75,CUST104
ORD0929,21/10/2025,Yoga Mat,Sports,Bristol,2,35.86,18.44,71.72,34.84,CUST206
ORD0930,04/02/2025,Air Fryer,Home,London,5,18.53,11.14,92.65,36.95,CUST291
ORD0931,04/06/2025,Board Game,Toys,Glasgow,2,41.26,21.58,82.52,39.36,CUST259
ORD0932,16/11/2025,Sneakers,Fashion,Bristol,3,28.01,17.39,84.03,31.86,CUST264
ORD0933,06/04/2025,Running Shoes,Sports,Manchester,1,66.51,43.56,66.51,22.95,CUST296
ORD0934,11/11/2025,Dumbbells,Sports,Glasgow,3,94.34,62.25,283.02,96.27,CUST223
ORD0935,19/03/2025,LEGO Set,Toys,Bristol,2,42.78,23.29,85.56,38.98,CUST154
ORD0936,17/05/2025,Football,Sports,Birmingham,1,67.05,50.54,67.05,16.51,CUST147
ORD0937,09/04/2025,Toaster,Home,Bristol,2,46.53,24.85,93.06,43.36,CUST15
ORD0938,28/11/2025,Toaster,Home,Glasgow,4,60.38,38.09,241.52,89.16,CUST19
ORD0939,23/05/2025,Blender,Home,Birmingham,2,12.62,9.3,25.24,6.64,CUST282
ORD0940,10/06/2025,Coffee Maker,Home,Glasgow,1,14.98,11.52,14.98,3.46,CUST153
ORD0941,13/03/2025,Laptop Stand,Electronics,Birmingham,1,45.72,34.38,45.72,11.34,CUST121
ORD0942,26/09/2025,Headphones,Electronics,Bristol,1,56.98,42.66,56.98,14.32,CUST129
ORD0943,18/06/2025,Yoga Mat,Sports,Manchester,5,21,15.58,105,27.1,CUST300
ORD0944,21/05/2025,Dumbbells,Sports,Glasgow,2,22.99,12.7,45.98,20.58,CUST226
ORD0945,27/02/2025,Tennis Racket,Sports,Bristol,1,54.13,33.15,54.13,20.98,CUST163
ORD0946,16/03/2025,Board Game,Toys,Glasgow,2,96.7,73.86,193.4,45.68,CUST186
ORD0947,18/01/2025,Tennis Racket,Sports,Birmingham,1,68.09,52.54,68.09,15.55,CUST28
ORD0948,05/07/2025,Toaster,Home,Bristol,4,37.83,29.79,151.32,32.16,CUST63
ORD0949,11/05/2025,Puzzle,Toys,Glasgow,4,10.71,8.44,42.84,9.08,CUST155
ORD0950,13/08/2025,Keyboard,Electronics,Birmingham,2,87.35,47.87,174.7,78.96,CUST163
ORD0951,30/08/2025,Yoga Mat,Sports,Birmingham,1,84.09,65.77,84.09,18.32,CUST212
ORD0952,30/06/2025,Sneakers,Fashion,London,2,72.86,47.5,145.72,50.72,CUST216
ORD0953,25/11/2025,Doll,Toys,Birmingham,4,72.57,52.87,290.28,78.8,CUST95
ORD0954,22/10/2025,Dumbbells,Sports,London,4,28.01,16.57,112.04,45.76,CUST43
ORD0955,29/11/2025,Keyboard,Electronics,Manchester,5,74.22,54.2,371.1,100.1,CUST67
ORD0956,14/05/2025,Board Game,Toys,Birmingham,4,53.05,38.23,212.2,59.28,CUST89
ORD0957,21/07/2025,Action Figure,Toys,Birmingham,2,17.6,10.74,35.2,13.72,CUST194
ORD0958,17/11/2025,Puzzle,Toys,London,1,93.08,64.61,93.08,28.47,CUST118
ORD0959,25/07/2025,Laptop Stand,Electronics,Manchester,3,73.11,40.26,219.33,98.55,CUST220
ORD0960,18/10/2025,Action Figure,Toys,Manchester,1,96.22,53.02,96.22,43.2,CUST61
ORD0961,25/04/2025,Headphones,Electronics,Glasgow,4,84.45,54.74,337.8,118.84,CUST105
ORD0962,16/04/2025,Toaster,Home,Birmingham,4,44.39,27.94,177.56,65.8,CUST111
ORD0963,29/05/2025,Jeans,Fashion,Glasgow,2,46.77,25.43,93.54,42.68,CUST135
ORD0964,23/08/2025,Air Fryer,Home,Glasgow,2,43.27,30.52,86.54,25.5,CUST44
ORD0965,19/04/2025,Laptop Stand,Electronics,Manchester,3,97.7,60.5,293.1,111.6,CUST197
ORD0966,20/06/2025,Running Shoes,Sports,Birmingham,1,18.58,9.62,18.58,8.96,CUST121
ORD0967,03/01/2025,Tennis Racket,Sports,Bristol,5,73.86,54.87,369.3,94.95,CUST130
ORD0968,09/03/2025,Doll,Toys,Glasgow,3,97.98,68.72,293.94,87.78,CUST287
ORD0969,23/06/2025,Headphones,Electronics,Manchester,3,25.29,16.38,75.87,26.73,CUST240
ORD0970,10/06/2025,Coffee Maker,Home,Birmingham,5,48.96,28.3,244.8,103.3,CUST23
ORD0971,15/05/2025,Vacuum Cleaner,Home,Birmingham,3,93.36,54.6,280.08,116.28,CUST136
ORD0972,19/03/2025,Action Figure,Toys,Glasgow,2,38.4,30.66,76.8,15.48,CUST285
ORD0973,29/08/2025,Yoga Mat,Sports,Manchester,2,14.91,8.27,29.82,13.28,CUST134
ORD0974,21/01/2025,Vacuum Cleaner,Home,Glasgow,1,99.57,77.48,99.57,22.09,CUST227
ORD0975,17/03/2025,Hat,Fashion,Glasgow,4,54.37,40.98,217.48,53.56,CUST64
ORD0976,18/09/2025,T-Shirt,Fashion,Manchester,3,26.26,14.46,78.78,35.4,CUST140
ORD0977,20/10/2025,Doll,Toys,Manchester,5,99.82,50.03,499.1,248.95,CUST93
ORD0978,14/01/2025,Yoga Mat,Sports,Manchester,4,70.92,54.34,283.68,66.32,CUST146
ORD0979,15/06/2025,Laptop Stand,Electronics,Birmingham,5,93.62,49.79,468.1,219.15,CUST79
ORD0980,01/11/2025,Wireless Mouse,Electronics,Glasgow,4,50.86,40,203.44,43.44,CUST3
ORD0981,19/10/2025,T-Shirt,Fashion,Bristol,4,39.24,28.23,156.96,44.04,CUST67
ORD0982,08/10/2025,Coffee Maker,Home,Birmingham,3,81.83,59.17,245.49,67.98,CUST196
ORD0983,24/07/2025,Laptop Stand,Electronics,Birmingham,2,31.61,23.12,63.22,16.98,CUST46
ORD0984,01/12/2025,Keyboard,Electronics,Manchester,4,80.15,46.93,320.6,132.88,CUST79
ORD0985,17/12/2025,USB Hub,Electronics,Glasgow,4,76.23,59.19,304.92,68.16,CUST68
ORD0986,18/07/2025,T-Shirt,Fashion,Birmingham,5,27.99,17.74,139.95,51.25,CUST244
ORD0987,08/07/2025,Hat,Fashion,Bristol,4,18.12,11.36,72.48,27.04,CUST96
ORD0988,13/12/2025,Football,Sports,London,1,56.2,44.51,56.2,11.69,CUST115
ORD0989,10/02/2025,Vacuum Cleaner,Home,Bristol,5,17.56,11.25,87.8,31.55,CUST245
ORD0990,01/06/2025,Jeans,Fashion,Manchester,3,85.74,56.32,257.22,88.26,CUST292
ORD0991,31/07/2025,Headphones,Electronics,London,1,56.21,36.72,56.21,19.49,CUST49
ORD0992,15/09/2025,Running Shoes,Sports,Birmingham,3,32.94,17.28,98.82,46.98,CUST9
ORD0993,02/08/2025,Laptop Stand,Electronics,Manchester,2,85.86,44.1,171.72,83.52,CUST153
ORD0994,06/04/2025,Hat,Fashion,Glasgow,4,66.14,38.33,264.56,111.24,CUST109
ORD0995,01/10/2025,Coffee Maker,Home,Bristol,3,88.45,47.05,265.35,124.2,CUST10
ORD0996,21/12/2025,Laptop Stand,Electronics,London,1,25.46,16.37,25.46,9.09,CUST208
ORD0997,20/12/2025,Board Game,Toys,Birmingham,5,83.18,56.98,415.9,131,CUST203
ORD0998,09/01/2025,T-Shirt,Fashion,Manchester,2,11.25,6,22.5,10.5,CUST97
ORD0999,17/11/2025,Keyboard,Electronics,Glasgow,2,68.48,43.19,136.96,50.58,CUST276
ORD1000,01/03/2025,Coffee Maker,Home,Birmingham,4,23.33,14.62,93.32,34.84,CUST86
